id,code,date,signal,trigger_trailing,trigger_drift,trigger_sector_adv,logic_verdict,sector_risk,holding_risk,detail,recommend_log_id,is_stale,created_at
11,001154,2026-08-14,HOLD,0,0,0,维持,0,0,,5,0,2026-08-14 04:42:09
12,008640,2026-08-14,HOLD,0,0,0,维持,0,0,,4,0,2026-08-14 04:42:09
13,257070,2026-08-17,HOLD,0,0,0,维持,0,0,,7,0,2026-08-17 04:43:20
14,006502,2026-08-17,HOLD,0,0,0,维持,0,0,,6,0,2026-08-17 04:43:20
15,001154,2026-08-17,HOLD,0,0,0,维持,0,0,,5,0,2026-08-17 04:43:20
16,008640,2026-08-17,HOLD,0,0,0,维持,0,0,,4,0,2026-08-17 04:43:20
17,005571,2026-08-18,HOLD,0,0,0,维持,0,0,未触发任何异常信号，维持持有,9,0,2026-08-18 04:42:26
18,006502,2026-08-18,HOLD,0,0,0,维持,0,0,未触发任何异常信号，维持持有,8,0,2026-08-18 04:42:26
19,257070,2026-08-18,HOLD,0,0,0,维持,0,0,未触发任何异常信号，维持持有,7,0,2026-08-18 04:42:26
20,001154,2026-08-18,HOLD,0,0,0,维持,0,0,未触发任何异常信号，维持持有,5,0,2026-08-18 04:42:26
21,008640,2026-08-18,HOLD,0,0,0,维持,0,0,未触发任何异常信号，维持持有,4,0,2026-08-18 04:42:26
22,004044,2026-08-19,HOLD,0,0,0,维持,0,0,未触发任何异常信号，维持持有,11,0,2026-08-19 04:44:23
23,257070,2026-08-19,HOLD,0,0,0,维持,0,0,未触发任何异常信号，维持持有,10,0,2026-08-19 04:44:23
24,005571,2026-08-19,HOLD,0,0,0,维持,0,0,未触发任何异常信号，维持持有,9,0,2026-08-19 04:44:23
25,006502,2026-08-19,HOLD,0,0,0,维持,0,0,未触发任何异常信号，维持持有,8,0,2026-08-19 04:44:24
26,001154,2026-08-19,HOLD,0,0,0,维持,0,0,未触发任何异常信号，维持持有,5,0,2026-08-19 04:44:24
27,008640,2026-08-19,HOLD,0,0,0,维持,0,0,未触发任何异常信号，维持持有,4,0,2026-08-19 04:44:24
28,004044,2026-08-20,WARNING,0,0,0,维持,0,0,模型信号相对买入分下降: 当前0.0302 < 买入0.0622的50%,11,0,2026-08-20 04:41:59
29,257070,2026-08-20,HOLD,0,0,0,维持,0,0,未触发任何异常信号，维持持有,10,0,2026-08-20 04:41:59
30,005571,2026-08-20,HOLD,0,0,0,维持,0,0,未触发任何异常信号，维持持有,9,0,2026-08-20 04:41:59
31,006502,2026-08-20,HOLD,0,0,0,维持,0,0,未触发任何异常信号，维持持有,8,0,2026-08-20 04:41:59
32,001154,2026-08-20,HOLD,0,0,0,维持,0,0,未触发任何异常信号，维持持有,5,0,2026-08-20 04:41:59
33,008640,2026-08-20,HOLD,0,0,0,维持,0,0,未触发任何异常信号，维持持有,4,0,2026-08-20 04:41:59
34,004044,2026-08-20,WARNING,0,0,0,维持,0,0,模型信号相对买入分下降: 当前0.0302 < 买入0.0622的50%,11,0,2026-08-20 06:30:07
35,257070,2026-08-20,HOLD,0,0,0,维持,0,0,未触发任何异常信号，维持持有,10,0,2026-08-20 06:30:07
36,005571,2026-08-20,HOLD,0,0,0,维持,0,0,未触发任何异常信号，维持持有,9,0,2026-08-20 06:30:07
37,006502,2026-08-20,HOLD,0,0,0,维持,0,0,未触发任何异常信号，维持持有,8,0,2026-08-20 06:30:07
38,001154,2026-08-20,HOLD,0,0,0,维持,0,0,未触发任何异常信号，维持持有,5,0,2026-08-20 06:30:07
39,008640,2026-08-20,HOLD,0,0,0,维持,0,0,未触发任何异常信号，维持持有,4,0,2026-08-20 06:30:07
40,006923,2026-08-20,HOLD,0,0,0,维持,0,0,未触发任何异常信号，维持持有,12,0,2026-08-20 07:01:24
41,004044,2026-08-20,HOLD,0,0,0,维持,0,0,未触发任何异常信号，维持持有,11,0,2026-08-20 07:01:24
42,257070,2026-08-20,HOLD,0,0,0,维持,0,0,未触发任何异常信号，维持持有,10,0,2026-08-20 07:01:24
43,005571,2026-08-20,HOLD,0,0,0,维持,0,0,未触发任何异常信号，维持持有,9,0,2026-08-20 07:01:24
44,006502,2026-08-20,HOLD,0,0,0,维持,0,0,未触发任何异常信号，维持持有,8,0,2026-08-20 07:01:24
45,001154,2026-08-20,HOLD,0,0,0,维持,0,0,未触发任何异常信号，维持持有,5,0,2026-08-20 07:01:24
46,008640,2026-08-20,HOLD,0,0,0,维持,0,0,未触发任何异常信号，维持持有,4,0,2026-08-20 07:01:24
47,001466,2026-08-21,HOLD,0,0,0,维持,0,0,未触发任何异常信号，维持持有,13,0,2026-08-21 04:52:30
48,006923,2026-08-21,HOLD,0,0,0,维持,0,0,未触发任何异常信号，维持持有,12,0,2026-08-21 04:52:30
49,004044,2026-08-21,HOLD,0,0,0,维持,0,0,未触发任何异常信号，维持持有,11,0,2026-08-21 04:52:30
50,257070,2026-08-21,HOLD,0,0,0,维持,0,0,未触发任何异常信号，维持持有,10,0,2026-08-21 04:52:30
51,005571,2026-08-21,HOLD,0,0,0,维持,0,0,未触发任何异常信号，维持持有,9,0,2026-08-21 04:52:30
52,006502,2026-08-21,HOLD,0,0,0,维持,0,0,未触发任何异常信号，维持持有,8,0,2026-08-21 04:52:30
53,001154,2026-08-21,HOLD,0,0,0,维持,0,0,未触发任何异常信号，维持持有,5,0,2026-08-21 04:52:30
54,008640,2026-08-21,HOLD,0,0,0,维持,0,0,未触发任何异常信号，维持持有,4,0,2026-08-21 04:52:30
55,019879,2026-08-24,HOLD,0,0,0,维持,0,0,未触发任何异常信号，维持持有,15,0,2026-08-24 04:43:45
56,022320,2026-08-24,HOLD,0,0,0,维持,0,0,未触发任何异常信号，维持持有,14,0,2026-08-24 04:43:45
57,001466,2026-08-24,HOLD,0,0,0,维持,0,0,未触发任何异常信号，维持持有,13,0,2026-08-24 04:43:45
58,006923,2026-08-24,HOLD,0,0,0,维持,0,0,未触发任何异常信号，维持持有,12,0,2026-08-24 04:43:45
59,004044,2026-08-24,HOLD,0,0,0,维持,0,0,未触发任何异常信号，维持持有,11,0,2026-08-24 04:43:45
60,257070,2026-08-24,HOLD,0,0,0,维持,0,0,未触发任何异常信号，维持持有,10,0,2026-08-24 04:43:45
61,005571,2026-08-24,HOLD,0,0,0,维持,0,0,未触发任何异常信号，维持持有,9,0,2026-08-24 04:43:45
62,006502,2026-08-24,HOLD,0,0,0,维持,0,0,未触发任何异常信号，维持持有,8,0,2026-08-24 04:43:45
63,001154,2026-08-24,HOLD,0,0,0,维持,0,0,未触发任何异常信号，维持持有,5,0,2026-08-24 04:43:45
64,008640,2026-08-24,HOLD,0,0,0,维持,0,0,未触发任何异常信号，维持持有,4,0,2026-08-24 04:43:45
65,014913,2026-08-25,HOLD,0,0,0,维持,0,0,未触发任何异常信号，维持持有,17,0,2026-08-25 04:44:30
66,007306,2026-08-25,HOLD,0,0,0,维持,0,0,未触发任何异常信号，维持持有,16,0,2026-08-25 04:44:30
67,019879,2026-08-25,HOLD,0,0,0,维持,0,0,未触发任何异常信号，维持持有,15,0,2026-08-25 04:44:30
68,022320,2026-08-25,HOLD,0,0,0,维持,0,0,未触发任何异常信号，维持持有,14,0,2026-08-25 04:44:30
69,001466,2026-08-25,HOLD,0,0,0,维持,0,0,未触发任何异常信号，维持持有,13,0,2026-08-25 04:44:30
70,006923,2026-08-25,HOLD,0,0,0,维持,0,0,未触发任何异常信号，维持持有,12,0,2026-08-25 04:44:30
71,004044,2026-08-25,HOLD,0,0,0,维持,0,0,未触发任何异常信号，维持持有,11,0,2026-08-25 04:44:30
72,257070,2026-08-25,HOLD,0,0,0,维持,0,0,未触发任何异常信号，维持持有,10,0,2026-08-25 04:44:30
73,005571,2026-08-25,HOLD,0,0,0,维持,0,0,未触发任何异常信号，维持持有,9,0,2026-08-25 04:44:30
74,006502,2026-08-25,HOLD,0,0,0,维持,0,0,未触发任何异常信号，维持持有,8,0,2026-08-25 04:44:30
75,001154,2026-08-25,HOLD,0,0,0,维持,0,0,未触发任何异常信号，维持持有,5,0,2026-08-25 04:44:30
76,008640,2026-08-25,HOLD,0,0,0,维持,0,0,未触发任何异常信号，维持持有,4,0,2026-08-25 04:44:30
77,017787,2026-08-26,BUY_MORE,0,0,0,维持,0,0,模型信号显著走强: 当前预测收益 0.0389 > 买入 0.0100 的150%，且趋势健康,19,0,2026-08-26 05:47:33
78,022320,2026-08-26,BUY_MORE,0,0,0,维持,0,0,模型信号显著走强: 当前预测收益 0.0625 > 买入 0.0088 的150%，且趋势健康,18,0,2026-08-26 05:47:33
79,014913,2026-08-26,HOLD,0,0,0,维持,0,0,未触发任何异常信号，维持持有,17,0,2026-08-26 05:47:33
80,007306,2026-08-26,HOLD,0,0,0,维持,0,0,未触发任何异常信号，维持持有,16,0,2026-08-26 05:47:33
81,019879,2026-08-26,HOLD,0,0,0,维持,0,0,未触发任何异常信号，维持持有,15,0,2026-08-26 05:47:33
82,001466,2026-08-26,HOLD,0,0,0,维持,0,0,未触发任何异常信号，维持持有,13,0,2026-08-26 05:47:33
83,006923,2026-08-26,BUY_MORE,0,0,0,维持,0,0,模型信号显著走强: 当前预测收益 0.0127 > 买入 0.0084 的150%，且趋势健康,12,0,2026-08-26 05:47:33
84,004044,2026-08-26,EXIT,1,0,0,,0,0,EMA60趋势退出: NAV连续2日<EMA60（自高点回撤23.09%）,11,0,2026-08-26 05:47:33
85,257070,2026-08-26,EXIT,1,0,0,,0,0,EMA60趋势退出: NAV连续2日<EMA60（自高点回撤31.79%）,10,0,2026-08-26 05:47:33
86,005571,2026-08-26,EXIT,1,0,0,,0,0,EMA60趋势退出: NAV连续2日<EMA60（自高点回撤26.38%）,9,0,2026-08-26 05:47:33
87,006502,2026-08-26,EXIT,1,0,0,,0,0,EMA60趋势退出: NAV连续2日<EMA60（自高点回撤31.42%）,8,0,2026-08-26 05:47:33
88,001154,2026-08-26,HOLD,0,0,0,维持,0,0,未触发任何异常信号，维持持有,5,0,2026-08-26 05:47:33
89,008640,2026-08-26,EXIT,1,0,0,,0,0,EMA60趋势退出: NAV连续2日<EMA60（自高点回撤28.50%）,4,0,2026-08-26 05:47:33
90,011845,2026-08-27,HOLD,0,0,0,维持,0,0,未触发任何异常信号，维持持有,21,0,2026-08-27 05:49:37
91,022320,2026-08-27,HOLD,0,0,0,维持,0,0,未触发任何异常信号，维持持有,20,0,2026-08-27 05:49:37
92,017787,2026-08-27,HOLD,0,0,0,维持,0,0,未触发任何异常信号，维持持有,19,0,2026-08-27 05:49:37
93,014913,2026-08-27,WARNING,0,0,0,维持,0,0,模型信号相对买入分下降: 当前0.0051 < 买入0.0336的50%,17,0,2026-08-27 05:49:37
94,007306,2026-08-27,WARNING,0,0,0,维持,0,0,模型信号相对买入分下降: 当前0.0060 < 买入0.0140的50%,16,0,2026-08-27 05:49:37
95,019879,2026-08-27,HOLD,0,0,0,维持,0,0,未触发任何异常信号，维持持有,15,0,2026-08-27 05:49:37
96,001466,2026-08-27,HOLD,0,0,0,维持,0,0,未触发任何异常信号，维持持有,13,0,2026-08-27 05:49:37
97,006923,2026-08-27,HOLD,0,0,0,维持,0,0,未触发任何异常信号，维持持有,12,0,2026-08-27 05:49:37
98,001154,2026-08-27,HOLD,0,0,0,维持,0,0,未触发任何异常信号，维持持有,5,0,2026-08-27 05:49:37
99,017787,2026-08-28,HOLD,0,0,0,维持,0,0,未触发任何异常信号，维持持有,23,0,2026-08-28 05:45:50
100,008861,2026-08-28,HOLD,0,0,0,维持,0,0,未触发任何异常信号，维持持有,22,0,2026-08-28 05:45:50
101,011845,2026-08-28,HOLD,0,0,0,维持,0,0,未触发任何异常信号，维持持有,21,0,2026-08-28 05:45:50
102,022320,2026-08-28,HOLD,0,0,0,维持,0,0,未触发任何异常信号，维持持有,20,0,2026-08-28 05:45:50
103,014913,2026-08-28,WARNING,0,0,0,维持,0,0,模型信号相对买入分下降: 当前0.0051 < 买入0.0336的50%,17,0,2026-08-28 05:45:50
104,007306,2026-08-28,WARNING,0,0,0,维持,0,0,模型信号相对买入分下降: 当前0.0054 < 买入0.0140的50%,16,0,2026-08-28 05:45:50
105,019879,2026-08-28,HOLD,0,0,0,维持,0,0,未触发任何异常信号，维持持有,15,0,2026-08-28 05:45:50
106,001466,2026-08-28,HOLD,0,0,0,维持,0,0,未触发任何异常信号，维持持有,13,0,2026-08-28 05:45:50
107,006923,2026-08-28,HOLD,0,0,0,维持,0,0,未触发任何异常信号，维持持有,12,0,2026-08-28 05:45:50
108,001154,2026-08-28,HOLD,0,0,0,维持,0,0,未触发任何异常信号，维持持有,5,0,2026-08-28 05:45:50
109,017787,2026-08-31,HOLD,0,0,0,维持,0,0,未触发任何异常信号，维持持有,25,0,2026-08-31 05:55:07
110,011184,2026-08-31,HOLD,0,0,0,维持,0,0,未触发任何异常信号，维持持有,24,0,2026-08-31 05:55:07
111,008861,2026-08-31,HOLD,0,0,0,维持,0,0,未触发任何异常信号，维持持有,22,0,2026-08-31 05:55:07
112,011845,2026-08-31,BUY_MORE,0,0,0,维持,0,0,模型信号显著走强: 当前预测收益 0.0294 > 买入 0.0187 的150%，且趋势健康,21,0,2026-08-31 05:55:07
113,022320,2026-08-31,HOLD,0,0,0,维持,0,0,未触发任何异常信号，维持持有,20,0,2026-08-31 05:55:07
114,014913,2026-08-31,WARNING,0,0,0,维持,0,0,模型信号相对买入分下降: 当前0.0018 < 买入0.0336的50%,17,0,2026-08-31 05:55:07
115,007306,2026-08-31,WARNING,0,0,0,维持,0,0,模型信号相对买入分下降: 当前0.0055 < 买入0.0140的50%,16,0,2026-08-31 05:55:07
116,019879,2026-08-31,WARNING,0,0,0,维持,0,0,模型信号相对买入分下降: 当前0.0204 < 买入0.0546的50%,15,0,2026-08-31 05:55:08
117,001466,2026-08-31,HOLD,0,0,0,维持,0,0,未触发任何异常信号，维持持有,13,0,2026-08-31 05:55:08
118,006923,2026-08-31,HOLD,0,0,0,维持,0,0,未触发任何异常信号，维持持有,12,0,2026-08-31 05:55:08
119,001154,2026-08-31,HOLD,0,0,0,维持,0,0,未触发任何异常信号，维持持有,5,0,2026-08-31 05:55:08
120,026516,2026-09-01,EXIT,1,0,0,,0,0,EMA60趋势退出: NAV连续2日<EMA60（自高点回撤21.74%）,27,0,2026-09-01 05:43:11
121,006644,2026-09-01,EXIT,1,0,0,,0,0,EMA60趋势退出: NAV连续2日<EMA60（自高点回撤23.61%）,26,0,2026-09-01 05:43:11
122,017787,2026-09-01,HOLD,0,0,0,维持,0,0,未触发任何异常信号，维持持有,25,0,2026-09-01 05:43:11
123,011184,2026-09-01,HOLD,0,0,0,维持,0,0,未触发任何异常信号，维持持有,24,0,2026-09-01 05:43:11
124,008861,2026-09-01,WARNING,0,0,0,维持,0,0,模型信号相对买入分下降: 当前0.0024 < 买入0.0155的50%,22,0,2026-09-01 05:43:11
125,011845,2026-09-01,HOLD,0,0,0,维持,0,0,未触发任何异常信号，维持持有,21,0,2026-09-01 05:43:11
126,022320,2026-09-01,HOLD,0,0,0,维持,0,0,未触发任何异常信号，维持持有,20,0,2026-09-01 05:43:11
127,014913,2026-09-01,WARNING,0,0,0,维持,0,0,模型信号转负: 当前预测收益 -0.0003 < 0（买入时 0.0336）,17,0,2026-09-01 05:43:11
128,007306,2026-09-01,WARNING,0,0,0,维持,0,0,模型信号转负: 当前预测收益 -0.0002 < 0（买入时 0.0140）,16,0,2026-09-01 05:43:11
129,019879,2026-09-01,WARNING,0,0,0,维持,0,0,模型信号相对买入分下降: 当前0.0112 < 买入0.0546的50%,15,0,2026-09-01 05:43:11
130,001466,2026-09-01,HOLD,0,0,0,维持,0,0,未触发任何异常信号，维持持有,13,0,2026-09-01 05:43:11
131,006923,2026-09-01,WARNING,0,0,0,维持,0,0,模型信号相对买入分下降: 当前0.0033 < 买入0.0084的50%,12,0,2026-09-01 05:43:11
132,001154,2026-09-01,WARNING,0,0,0,维持,0,0,模型信号相对买入分下降: 当前0.0372 < 买入0.0875的50%,5,0,2026-09-01 05:43:11
133,025415,2026-09-02,HOLD,0,0,0,维持,0,0,未触发任何异常信号，维持持有,28,0,2026-09-02 05:46:42
134,017787,2026-09-02,HOLD,0,0,0,维持,0,0,未触发任何异常信号，维持持有,25,0,2026-09-02 05:46:42
135,011184,2026-09-02,HOLD,0,0,0,维持,0,0,未触发任何异常信号，维持持有,24,0,2026-09-02 05:46:42
136,008861,2026-09-02,WARNING,0,0,0,维持,0,0,模型信号相对买入分下降: 当前0.0074 < 买入0.0155的50%,22,0,2026-09-02 05:46:42
137,011845,2026-09-02,WARNING,0,0,0,维持,0,0,模型信号相对买入分下降: 当前0.0088 < 买入0.0187的50%,21,0,2026-09-02 05:46:42
138,022320,2026-09-02,WARNING,0,0,0,维持,0,0,模型信号转负: 当前预测收益 -0.0039 < 0（买入时 0.0452）,20,0,2026-09-02 05:46:42
139,014913,2026-09-02,WARNING,0,0,0,维持,0,0,模型信号转负: 当前预测收益 -0.0082 < 0（买入时 0.0336）,17,0,2026-09-02 05:46:42
140,007306,2026-09-02,WARNING,0,0,0,维持,0,0,模型信号转负: 当前预测收益 -0.0015 < 0（买入时 0.0140）,16,0,2026-09-02 05:46:42
141,019879,2026-09-02,WARNING,0,0,0,维持,0,0,模型信号转负: 当前预测收益 -0.0025 < 0（买入时 0.0546）,15,0,2026-09-02 05:46:42
142,001466,2026-09-02,WARNING,0,0,0,维持,0,0,模型信号相对买入分下降: 当前0.0329 < 买入0.0824的50%,13,0,2026-09-02 05:46:42
143,006923,2026-09-02,WARNING,0,0,1,维持,1,0,赛道优势丧失: 动量-0.6% < 赛道中位数0.7% 且未企稳(reversal=-6.5); 模型信号相对买入分下降: 当前0.0034 < 买入0.0084的50%,12,0,2026-09-02 05:46:42
144,001154,2026-09-02,WARNING,0,0,0,维持,0,0,模型信号相对买入分下降: 当前0.0356 < 买入0.0875的50%,5,0,2026-09-02 05:46:42
145,003333,2026-09-03,WARNING,0,0,0,维持,0,0,模型信号转负: 当前预测收益 -0.0000 < 0（买入时 -0.0026）,30,0,2026-09-03 05:49:17
146,009999,2026-09-03,WARNING,0,0,0,维持,0,0,模型信号转负: 当前预测收益 -0.0037 < 0（买入时 0.0010）,29,0,2026-09-03 05:49:17
147,025415,2026-09-03,HOLD,0,0,0,维持,0,0,未触发任何异常信号，维持持有,28,0,2026-09-03 05:49:17
148,017787,2026-09-03,WARNING,0,0,0,维持,0,0,模型信号转负: 当前预测收益 -0.0083 < 0（买入时 0.0129）,25,0,2026-09-03 05:49:17
149,011184,2026-09-03,HOLD,0,0,0,维持,0,0,未触发任何异常信号，维持持有,24,0,2026-09-03 05:49:17
150,008861,2026-09-03,HOLD,0,0,0,维持,0,0,未触发任何异常信号，维持持有,22,0,2026-09-03 05:49:17
151,011845,2026-09-03,HOLD,0,0,0,维持,0,0,未触发任何异常信号，维持持有,21,0,2026-09-03 05:49:17
152,022320,2026-09-03,HOLD,0,0,0,维持,0,0,未触发任何异常信号，维持持有,20,0,2026-09-03 05:49:17
153,014913,2026-09-03,WARNING,0,0,0,维持,0,0,模型信号转负: 当前预测收益 -0.0114 < 0（买入时 0.0336）,17,0,2026-09-03 05:49:17
154,007306,2026-09-03,WARNING,0,0,0,维持,0,0,模型信号转负: 当前预测收益 -0.0053 < 0（买入时 0.0140）,16,0,2026-09-03 05:49:17
155,019879,2026-09-03,WARNING,0,0,0,维持,0,0,模型信号相对买入分下降: 当前0.0114 < 买入0.0546的50%,15,0,2026-09-03 05:49:17
156,001466,2026-09-03,WARNING,0,0,0,维持,0,0,模型信号相对买入分下降: 当前0.0329 < 买入0.0824的50%,13,0,2026-09-03 05:49:17
157,006923,2026-09-03,WARNING,0,0,1,维持,1,0,赛道优势丧失: 动量0.6% < 赛道中位数1.4% 且未企稳(reversal=-3.3); 模型信号转负: 当前预测收益 -0.0028 < 0（买入时 0.0084）,12,0,2026-09-03 05:49:17
158,001154,2026-09-03,WARNING,0,0,0,维持,0,0,模型信号相对买入分下降: 当前0.0301 < 买入0.0875的50%,5,0,2026-09-03 05:49:17
159,009999,2026-09-04,HOLD,0,0,0,维持,0,0,未触发任何异常信号，维持持有,31,0,2026-09-04 05:42:29
160,003333,2026-09-04,WARNING,0,0,0,维持,0,0,模型信号转负: 当前预测收益 -0.0027 < 0（买入时 -0.0026）,30,0,2026-09-04 05:42:29
161,025415,2026-09-04,HOLD,0,0,0,维持,0,0,未触发任何异常信号，维持持有,28,0,2026-09-04 05:42:29
162,017787,2026-09-04,HOLD,0,0,0,维持,0,0,未触发任何异常信号，维持持有,25,0,2026-09-04 05:42:29
163,011184,2026-09-04,HOLD,0,0,0,维持,0,0,未触发任何异常信号，维持持有,24,0,2026-09-04 05:42:29
164,008861,2026-09-04,HOLD,0,0,0,维持,0,0,未触发任何异常信号，维持持有,22,0,2026-09-04 05:42:29
165,011845,2026-09-04,HOLD,0,0,0,维持,0,0,未触发任何异常信号，维持持有,21,0,2026-09-04 05:42:30
166,022320,2026-09-04,HOLD,0,0,0,维持,0,0,未触发任何异常信号，维持持有,20,0,2026-09-04 05:42:30
167,014913,2026-09-04,WARNING,0,0,0,维持,0,0,模型信号相对买入分下降: 当前0.0030 < 买入0.0336的50%,17,0,2026-09-04 05:42:30
168,007306,2026-09-04,WARNING,0,0,0,维持,0,0,模型信号相对买入分下降: 当前0.0014 < 买入0.0140的50%,16,0,2026-09-04 05:42:30
169,019879,2026-09-04,WARNING,0,0,0,维持,0,0,模型信号相对买入分下降: 当前0.0139 < 买入0.0546的50%,15,0,2026-09-04 05:42:30
170,001466,2026-09-04,WARNING,0,0,0,维持,0,0,模型信号相对买入分下降: 当前0.0315 < 买入0.0824的50%,13,0,2026-09-04 05:42:30
171,006923,2026-09-04,EXIT,1,0,0,,0,0,EMA60趋势退出: NAV连续2日<EMA60（自高点回撤4.39%）,12,0,2026-09-04 05:42:30
172,001154,2026-09-04,WARNING,0,0,1,维持,1,0,赛道优势丧失: 动量-3.7% < 赛道中位数-2.9% 且未企稳(reversal=-6.8); 模型信号相对买入分下降: 当前0.0374 < 买入0.0875的50%,5,0,2026-09-04 05:42:30
173,009999,2026-09-12,HOLD,0,0,0,维持,0,0,未触发任何异常信号，维持持有,31,0,2026-09-11 19:58:13
174,003333,2026-09-12,WARNING,0,0,0,维持,0,0,模型信号转负: 当前预测收益 -0.0027 < 0（买入时 -0.0026）,30,0,2026-09-11 19:58:13
175,025415,2026-09-12,HOLD,0,0,0,维持,0,0,未触发任何异常信号，维持持有,28,0,2026-09-11 19:58:13
176,017787,2026-09-12,HOLD,0,0,0,维持,0,0,未触发任何异常信号，维持持有,25,0,2026-09-11 19:58:13
177,011184,2026-09-12,HOLD,0,0,0,维持,0,0,未触发任何异常信号，维持持有,24,0,2026-09-11 19:58:13
178,008861,2026-09-12,EXIT,1,0,0,,0,0,EMA60趋势退出: NAV连续2日<EMA60（自入场后高点回撤5.17%）,22,0,2026-09-11 19:58:13
179,011845,2026-09-12,HOLD,0,0,0,维持,0,0,未触发任何异常信号，维持持有,21,0,2026-09-11 19:58:13
180,022320,2026-09-12,HOLD,0,0,0,维持,0,0,未触发任何异常信号，维持持有,20,0,2026-09-11 19:58:13
181,014913,2026-09-12,WARNING,0,0,0,维持,0,0,模型信号相对买入分下降: 当前0.0030 < 买入0.0336的50%,17,0,2026-09-11 19:58:13
182,007306,2026-09-12,WARNING,0,0,0,维持,0,0,模型信号相对买入分下降: 当前0.0014 < 买入0.0140的50%,16,0,2026-09-11 19:58:13
183,019879,2026-09-12,WARNING,0,0,0,维持,0,0,模型信号相对买入分下降: 当前0.0139 < 买入0.0546的50%,15,0,2026-09-11 19:58:13
184,001466,2026-09-12,WARNING,0,0,0,维持,0,0,模型信号相对买入分下降: 当前0.0315 < 买入0.0824的50%,13,0,2026-09-11 19:58:13
185,001154,2026-09-12,EXIT,1,0,0,,0,0,EMA60趋势退出: NAV连续2日<EMA60（自入场后高点回撤8.06%）,5,0,2026-09-11 19:58:13
