id,recommend_date,code,name,rank,score,combo,regime,buy_reason,sell_reason,status,exit_date,highest_nav,return_rate,feature_snapshot,entry_nav,candidate_codes,created_at,rec_count,vetoed_json,reco_path,decision_logic
4,2026-08-14,008640,方正富邦科技创新A,1,0.08574229703992292,4.226975103413366,BEAR,"这只基金主要投资通信设备行业，重仓了光迅科技、长芯博创等通信龙头，同时配置了云南锗业、智谱等成长性个股。通信行业当前有明确政策支持——国家推进新一代通信网建设，空天地海一体化信息通信布局加速落地，叠加外资加速配置中国半导体产业链，板块景气度持续上行。虽然该基金近一个月下跌了7.8%，跑输同类平均2.1%的水平，但近期短期势头强劲，20天内上涨了14.6%，主力资金持续流入通信板块53亿元，说明聪明钱正在抢筹，后续动能有望延续。 | 否决记录: [{""code"": ""002345"", ""name"": ""华夏高端制造混合A"", ""reason"": ""通信设备敞口仅12.2%，远低于选中基金的34.2%，与推荐赛道匹配度较弱；短期动量+11.5%不及选中基金；近1月偏离赛道同行中位数9.4%，落后于选中基金的12.5%，在熊市中进攻弹性不足。""}]",EMA60趋势退出: NAV连续2日<EMA60（自高点回撤28.50%）,EXIT,2026-08-26,,0.015699580194375784,"{""sector"": ""通信设备"", ""rbsa_industry_1"": ""通信设备"", ""rbsa_weight_1"": 34.18000000000001, ""rbsa_industry_2"": ""软件服务"", ""rbsa_weight_2"": 9.83, ""rbsa_industry_3"": ""稀有金属"", ""rbsa_weight_3"": 9.4, ""momentum_20d"": 14.597337551074197, ""hurst_60d"": 0.7006268886123476, ""calmar"": -1.0612301465478928, ""sector_rel_momentum"": 16.5, ""sector_rel_calmar"": -0.3, ""top_holdings"": [{""stock_code"": ""02513"", ""stock_name"": ""智谱"", ""weight"": 9.83}, {""stock_code"": ""002428"", ""stock_name"": ""云南锗业"", ""weight"": 9.4}, {""stock_code"": ""301093"", ""stock_name"": ""华兰股份"", ""weight"": 9.24}, {""stock_code"": ""002281"", ""stock_name"": ""光迅科技"", ""weight"": 8.64}, {""stock_code"": ""300548"", ""stock_name"": ""长芯博创"", ""weight"": 7.6}], ""holdings_report_date"": ""2026-06-30""}",1.7389,"[""008640"", ""002345""]",2026-08-14 04:41:58,1,,sector,
5,2026-08-14,001154,华银平安中国主题灵活配置,2,0.08752341246337972,4.254957665234542,BEAR,"这只基金主要投资半导体、电子元件和通信设备行业，重仓了寒武纪、中际旭创、海光信息等优质科技公司，正好契合国家大力发展新一代通信网和国产替代的政策方向。近期半导体板块在外资加速配置和AI需求带动下表现活跃，基金近1个月上涨了6.6%，跑赢了同行平均水平。 | 否决记录: [{""code"": ""015412"", ""name"": ""西部利得数字产业混合A"", ""reason"": ""重仓股中包含首都在线（互联网技术）、优刻得（互联网服务）、金山云（软件服务），与推论明确回避的互联网技术赛道相冲突，持仓风格偏离本轮主线。""}]",EMA60趋势退出: NAV连续2日<EMA60（自入场后高点回撤8.06%）,EXIT,2026-09-12,,-0.07550239234449763,"{""sector"": ""半导体"", ""rbsa_industry_1"": ""半导体"", ""rbsa_weight_1"": 22.700000000000003, ""rbsa_industry_2"": ""公路铁路"", ""rbsa_weight_2"": 15.549999999999999, ""rbsa_industry_3"": ""电子元件"", ""rbsa_weight_3"": 14.829999999999998, ""momentum_20d"": 11.288604898828547, ""hurst_60d"": 0.68065580198519, ""calmar"": 7.957804843333802, ""sector_rel_momentum"": 10.6, ""sector_rel_calmar"": 8.5, ""top_holdings"": [{""stock_code"": ""688256"", ""stock_name"": ""寒武纪"", ""weight"": 7.68}, {""stock_code"": ""603186"", ""stock_name"": ""华正新材"", ""weight"": 6.31}, {""stock_code"": ""300308"", ""stock_name"": ""中际旭创"", ""weight"": 6.16}, {""stock_code"": ""688041"", ""stock_name"": ""海光信息"", ""weight"": 5.65}, {""stock_code"": ""688519"", ""stock_name"": ""南亚新材"", ""weight"": 5.44}], ""holdings_report_date"": ""2026-06-30""}",2.09,"[""015412"", ""001154""]",2026-08-14 04:42:09,1,,sector,
6,2026-08-17,006502,财通集成电路产业股票A,2,0.08574229703992292,4.933112564462513,BEAR,"这只基金重仓的是电子设备制造、通信设备和电子元件，比如中际旭创、新易盛、生益电子这些公司，都是当前科技制造链条上的核心企业。最近国家大力支持硬科技，半导体板块领涨，资金也大量流入电子行业，这些公司直接受益。虽然近1月涨幅为-5.3%，但主要是市场整体调整，行业本身的景气度和政策支持都很明确，长期潜力更大。 | 否决记录: [{""code"": ""001042"", ""name"": ""华夏领先股票"", ""reason"": ""这只基金虽然近1月跌幅较小，但它的电子设备制造仓位只有10%左右，更多是分散在稀有金属、输变电设备等方向，跟当前最热的电子科技赛道匹配度不高。而且它的风险调整后表现较差，走势也不太稳定，所以不选它。""}]",EMA60趋势退出: NAV连续2日<EMA60（自高点回撤31.42%）,EXIT,2026-08-26,,-0.12490898095696501,"{""sector"": ""电子设备制造"", ""rbsa_industry_1"": ""电子设备制造"", ""rbsa_weight_1"": 39.269999999999996, ""rbsa_industry_2"": ""通信设备"", ""rbsa_weight_2"": 34.24, ""rbsa_industry_3"": ""电子元件"", ""rbsa_weight_3"": 26.139999999999997, ""momentum_20d"": 20.93900942736888, ""hurst_60d"": 0.7232728905131891, ""calmar"": 1.2567918527763802, ""sector_rel_momentum"": 17.0, ""sector_rel_calmar"": 2.0, ""top_holdings"": [{""stock_code"": ""301200"", ""stock_name"": ""大族数控"", ""weight"": 9.84}, {""stock_code"": ""301377"", ""stock_name"": ""鼎泰高科"", ""weight"": 9.84}, {""stock_code"": ""688183"", ""stock_name"": ""生益电子"", ""weight"": 9.69}, {""stock_code"": ""300308"", ""stock_name"": ""中际旭创"", ""weight"": 9.64}, {""stock_code"": ""300502"", ""stock_name"": ""新易盛"", ""weight"": 9.61}], ""holdings_report_date"": ""2026-06-30""}",7.7869,"[""001042"", ""006502""]",2026-08-17 04:42:22,1,,sector,
7,2026-08-17,257070,国联安优选行业混合,1,0.0760783861804895,3.965940326644504,BEAR,"这只基金主要投向电子元件和半导体产业链，重仓了鼎泰高科、南亚新材、广合科技等 companies，都是当前政策支持、资金追捧的方向——最近半导体板块单日领涨近4%，主力资金净流入超过130亿，市场热度非常高。虽然近1个月上涨了负5.9%，但20日动能为正且持续积累，近期走势已有改善迹象，适合在熊市中布局有政策加持的成长赛道。 | 否决记录: [{""code"": ""002135"", ""name"": ""广发鑫源混合A"", ""reason"": ""该基金电子元件仓位仅14.8%，大量分散在电源设备、通用设备等与半导体主线无关的赛道，主题纯度不足；且卡玛比率为负0.99，在熊市环境下风险敞口过大，回撤控制不及另一只候选基金，不符合当前聚焦科技制造的配置逻辑。""}]",EMA60趋势退出: NAV连续2日<EMA60（自高点回撤31.79%）,EXIT,2026-08-26,,-0.0970691045980101,"{""sector"": ""电子元件"", ""rbsa_industry_1"": ""电子元件"", ""rbsa_weight_1"": 35.510000000000005, ""rbsa_industry_2"": ""专用设备"", ""rbsa_weight_2"": 12.71, ""rbsa_industry_3"": ""通信设备"", ""rbsa_weight_3"": 10.83, ""momentum_20d"": 16.96760040499492, ""hurst_60d"": 0.7486997632189835, ""calmar"": 0.47344407980519326, ""sector_rel_momentum"": 13.9, ""sector_rel_calmar"": 1.1, ""top_holdings"": [{""stock_code"": ""301377"", ""stock_name"": ""鼎泰高科"", ""weight"": 7.3}, {""stock_code"": ""688519"", ""stock_name"": ""南亚新材"", ""weight"": 6.94}, {""stock_code"": ""001389"", ""stock_name"": ""广合科技"", ""weight"": 6.87}, {""stock_code"": ""301200"", ""stock_name"": ""大族数控"", ""weight"": 6.51}, {""stock_code"": ""688630"", ""stock_name"": ""芯碁微装"", ""weight"": 6.2}], ""holdings_report_date"": ""2026-06-30""}",6.9315,"[""257070"", ""002135""]",2026-08-17 04:43:19,1,,sector,
8,2026-08-18,006502,财通集成电路产业股票A,2,0.08574229703992292,5.9151957403999464,BULL,"这只基金主要投资电子设备制造和通信设备，重仓股包括大族数控、鼎泰高科、生益电子、中际旭创、新易盛。这些公司做的是电子零部件、光模块和通信设备，正好赶上国家推动县域消费升级和算力网络建设的大方向，需求很旺。基金最近1个月涨了2.3%，虽然不算猛，但走势比较稳，没有大起大落。相比另一只基金，这只的持仓更集中在电子和通信上，方向更纯，而且重仓的光模块公司是算力基建的核心受益者，后续政策支持力度大，值得拿住。 | 否决记录: [{""code"": ""001042"", ""name"": ""华夏领先股票"", ""reason"": ""卡玛比率为负，说明风险调整后收益差；近1月涨幅8.1%但20日动量高达28.1%，短期涨幅过大且偏离赛道中位数21.8%，存在追高风险；行业分布分散，电子设备制造占比仅10.7%，主题纯度不足。""}]",EMA60趋势退出: NAV连续2日<EMA60（自高点回撤31.42%）,EXIT,2026-08-26,,-0.12490898095696501,"{""sector"": ""电子设备制造"", ""rbsa_industry_1"": ""电子设备制造"", ""rbsa_weight_1"": 39.269999999999996, ""rbsa_industry_2"": ""通信设备"", ""rbsa_weight_2"": 34.24, ""rbsa_industry_3"": ""电子元件"", ""rbsa_weight_3"": 26.139999999999997, ""momentum_20d"": 20.93900942736888, ""hurst_60d"": 0.7232728905131891, ""calmar"": 1.2567918527763802, ""sector_rel_momentum"": 16.2, ""sector_rel_calmar"": 2.0, ""top_holdings"": [{""stock_code"": ""301200"", ""stock_name"": ""大族数控"", ""weight"": 9.84}, {""stock_code"": ""301377"", ""stock_name"": ""鼎泰高科"", ""weight"": 9.84}, {""stock_code"": ""688183"", ""stock_name"": ""生益电子"", ""weight"": 9.69}, {""stock_code"": ""300308"", ""stock_name"": ""中际旭创"", ""weight"": 9.64}, {""stock_code"": ""300502"", ""stock_name"": ""新易盛"", ""weight"": 9.61}], ""holdings_report_date"": ""2026-06-30""}",8.1027,"[""001042"", ""006502""]",2026-08-18 04:42:10,1,,sector,
9,2026-08-18,005571,中银证券新能源混合A,1,0.08180027300702643,5.073838803062425,BULL,"这只基金主要投资电源设备、电子设备制造和专用设备，正好踩在当前政策发力的几个方向上。重仓的帝尔激光、罗博特科、骄成超声等公司，分别属于光伏设备、智能制造和高端装备，都是国家大力支持的新兴产业。最近一个月这只基金涨了4.6%，走势比较稳健，而且回撤控制得比同类好，拿起来更安心。相比之下，另一只基金虽然涨得多一点，但重仓了不少航运股，跟当前政策主线关系不大，而且波动更大，所以更推荐这只。 | 否决记录: [{""code"": ""015641"", ""name"": ""银华数字经济股票发起式A"", ""reason"": ""行业分布含港口航运和贸易，偏离推荐赛道；卡玛比率-2.38，回撤控制较差；近1月涨幅+6.7%但组合分较低，短期涨幅偏大且风险收益比不佳。""}]",EMA60趋势退出: NAV连续2日<EMA60（自高点回撤26.38%）,EXIT,2026-08-26,,-0.08713566967383779,"{""sector"": ""电源设备"", ""rbsa_industry_1"": ""电源设备"", ""rbsa_weight_1"": 15.68, ""rbsa_industry_2"": ""电子设备制造"", ""rbsa_weight_2"": 13.4, ""rbsa_industry_3"": ""专用设备"", ""rbsa_weight_3"": 8.62, ""momentum_20d"": 19.155354449472096, ""hurst_60d"": 0.7402485260522594, ""calmar"": -1.7299631756467029, ""sector_rel_momentum"": 14.1, ""sector_rel_calmar"": 0.4, ""top_holdings"": [{""stock_code"": ""688322"", ""stock_name"": ""奥比中光"", ""weight"": 4.75}, {""stock_code"": ""300776"", ""stock_name"": ""帝尔激光"", ""weight"": 4.67}, {""stock_code"": ""002384"", ""stock_name"": ""东山精密"", ""weight"": 4.43}, {""stock_code"": ""300757"", ""stock_name"": ""罗博特科"", ""weight"": 4.31}, {""stock_code"": ""688392"", ""stock_name"": ""骄成超声"", ""weight"": 4.31}], ""holdings_report_date"": ""2026-06-30""}",2.3056,"[""005571"", ""015641""]",2026-08-18 04:42:25,1,,sector,
10,2026-08-19,257070,国联安优选行业混合,1,0.0760783861804895,5.626253876902204,BEAR,"在当前的市场环境下，我们更看重基金的风险控制能力而非短期爆发。国联安优选行业混合重点配置了电子元件和专用设备板块，重仓股包括鼎泰高科、广合科技、芯碁微装等，都是近期受益于政策支持和实际需求增长的优质企业。河南数据显示电子元件产量同比增长11.8%，叠加电子元件板块近一个月上涨了约7.4%，跑赢了同赛道平均水平，且该基金的风险收益比表现更健康。相比之下，另一只候选基金虽然近期涨幅更大，但波动性较高，在熊市环境中可能面临较大的回撤风险。 | 否决记录: [{""code"": ""002135"", ""name"": ""广发鑫源混合A"", ""reason"": ""虽然近一个月涨幅达18.4%且短期动量强劲，但卡玛系数为-0.99，处于负值区间，说明其最大回撤幅度已远超同期收益，风险收益比恶化。同时被标记为走势异常，短期暴涨可能不可持续，在熊市中追高风险极大。""}]",EMA60趋势退出: NAV连续2日<EMA60（自高点回撤31.79%）,EXIT,2026-08-26,,-0.0970691045980101,"{""sector"": ""电子元件"", ""rbsa_industry_1"": ""电子元件"", ""rbsa_weight_1"": 35.510000000000005, ""rbsa_industry_2"": ""专用设备"", ""rbsa_weight_2"": 12.71, ""rbsa_industry_3"": ""通信设备"", ""rbsa_weight_3"": 10.83, ""momentum_20d"": 16.96760040499492, ""hurst_60d"": 0.7486997632189835, ""calmar"": 0.47344407980519326, ""sector_rel_momentum"": 13.0, ""sector_rel_calmar"": 1.2, ""top_holdings"": [{""stock_code"": ""301377"", ""stock_name"": ""鼎泰高科"", ""weight"": 7.3}, {""stock_code"": ""688519"", ""stock_name"": ""南亚新材"", ""weight"": 6.94}, {""stock_code"": ""001389"", ""stock_name"": ""广合科技"", ""weight"": 6.87}, {""stock_code"": ""301200"", ""stock_name"": ""大族数控"", ""weight"": 6.51}, {""stock_code"": ""688630"", ""stock_name"": ""芯碁微装"", ""weight"": 6.2}], ""holdings_report_date"": ""2026-06-30""}",7.0661,"[""257070"", ""002135""]",2026-08-19 04:44:15,1,,sector,
11,2026-08-19,004044,金鹰转型动力混合,2,0.06216996933512624,7.762449381446588,BEAR,"这只基金重点布局通信设备行业，重仓股包括亨通光电和中天科技，这两家公司都是光通信和海底电缆领域的龙头企业，受益于全球AI算力建设和卫星通信合作。同时基金还配置了稀有金属和半导体材料，比如中船特气，这类公司有政策支持，抗风险能力更强。最近一个月基金涨了13.5%，在同类基金中表现突出，而且走势比较稳，没有大起大落，适合当前市场环境。 | 否决记录: [{""code"": ""008640"", ""name"": ""方正富邦科技创新A"", ""reason"": ""虽然近1月涨幅高达20.1%，但卡玛比率为负，说明回撤控制能力差；Hurst指数较低且走势异常，短期涨幅偏离赛道中位数过多，追高风险大，不符合熊市稳健配置要求。""}]",EMA60趋势退出: NAV连续2日<EMA60（自高点回撤23.09%）,EXIT,2026-08-26,,-0.06193425440686051,"{""sector"": ""通信设备"", ""rbsa_industry_1"": ""通信设备"", ""rbsa_weight_1"": 20.17, ""rbsa_industry_2"": ""稀有金属"", ""rbsa_weight_2"": 14.469999999999999, ""rbsa_industry_3"": ""半导体"", ""rbsa_weight_3"": 14.3, ""momentum_20d"": 22.748538011695917, ""hurst_60d"": 0.8235138627475233, ""calmar"": 0.5391462244231611, ""sector_rel_momentum"": 21.4, ""sector_rel_calmar"": 1.3, ""top_holdings"": [{""stock_code"": ""688146"", ""stock_name"": ""中船特气"", ""weight"": 10.55}, {""stock_code"": ""600487"", ""stock_name"": ""亨通光电"", ""weight"": 10.4}, {""stock_code"": ""603162"", ""stock_name"": ""海通发展"", ""weight"": 9.97}, {""stock_code"": ""600522"", ""stock_name"": ""中天科技"", ""weight"": 9.77}, {""stock_code"": ""600378"", ""stock_name"": ""昊华科技"", ""weight"": 9.18}], ""holdings_report_date"": ""2026-06-30""}",0.6297,"[""008640"", ""004044""]",2026-08-19 04:44:23,1,,sector,
12,2026-08-20,006923,前海开源沪港深非周期股票A,1,0.0084325582555396,2.7018009000422603,BEAR,"这只基金重点布局了交通运输相关股票，比如极兔速递，同时还有腾讯、阿里巴巴这些大型互联网公司，组合比较均衡。最近交通运输部专门开了关于“人工智能+交通运输”的发布会，对相关行业是明确利好。基金近1月涨了4.5%，在同类里表现靠前，而且风险控制相对较好。另一只基金虽然也沾边交通运输，但近期业绩波动大，重仓的股票和这轮政策主题关系不够直接，所以更推荐这只。 | 否决记录: [{""code"": ""004099"", ""name"": ""前海开源沪港深景气行业精选混合"", ""reason"": ""卡玛比率为负，风险收益比差；重仓股中中国船舶租赁、金沙中国等与当前政策催化主题关联度弱，且近1月涨幅仅+2.7%，相对赛道内优势不足。""}]",EMA60趋势退出: NAV连续2日<EMA60（自高点回撤4.39%）,EXIT,2026-09-04,,-0.016646249189306017,"{""sector"": ""工用运输"", ""rbsa_industry_1"": ""工用运输"", ""rbsa_weight_1"": 14.96, ""rbsa_industry_2"": ""资讯科技器材"", ""rbsa_weight_2"": 12.09, ""rbsa_industry_3"": ""旅游及消闲设施"", ""rbsa_weight_3"": 11.11, ""momentum_20d"": 6.680984889161623, ""hurst_60d"": 0.7751586456126787, ""calmar"": 0.6603461408729104, ""sector_rel_momentum"": 4.5, ""sector_rel_calmar"": 1.9, ""top_holdings"": [{""stock_code"": ""00700"", ""stock_name"": ""腾讯控股"", ""weight"": 9.74}, {""stock_code"": ""01519"", ""stock_name"": ""极兔速递-W"", ""weight"": 9.59}, {""stock_code"": ""09988"", ""stock_name"": ""阿里巴巴-W"", ""weight"": 9.51}, {""stock_code"": ""00285"", ""stock_name"": ""比亚迪电子"", ""weight"": 7.92}, {""stock_code"": ""02588"", ""stock_name"": ""中银航空租赁"", ""weight"": 7.01}], ""holdings_report_date"": ""2026-06-30""}",1.3877,"[""006923"", ""004099""]",2026-08-20 07:01:23,1,,sector,
13,2026-08-21,001466,华富永鑫灵活配置混合A,2,0.08239600070221206,9.358155059691603,BEAR,"这只基金重仓的都是黄金类股票，比如赤峰黄金、山东黄金、中金黄金等，都是国内有名的金矿公司。最近黄金板块因为避险和通胀预期涨得很好，这些公司直接受益。基金近1月涨幅达到29.7%，表现很强，而且它的回撤控制比另一只更好，拿起来更安心。加上当前市场环境下黄金有政策面和资金面支撑，所以选它。 | 否决记录: [{""code"": ""018751"", ""name"": ""山证资管精选行业混合发起式C"", ""reason"": ""虽然近1月涨幅更高（30.1%），但卡玛比率较低（1.84），说明波动和回撤风险更大；且标注走势异常，短期涨幅偏离赛道中位数过多，存在过热回调风险。""}]",,WARNING,,,,"{""sector"": ""贵金属"", ""rbsa_industry_1"": ""贵金属"", ""rbsa_weight_1"": 71.38999999999999, ""rbsa_industry_2"": ""基本金属"", ""rbsa_weight_2"": 15.48, ""rbsa_industry_3"": """", ""rbsa_weight_3"": 0, ""momentum_20d"": 25.791910331384017, ""hurst_60d"": 0.763229958753681, ""calmar"": 2.9940568611758454, ""sector_rel_momentum"": 18.8, ""sector_rel_calmar"": 3.0, ""top_holdings"": [{""stock_code"": ""600988"", ""stock_name"": ""赤峰黄金"", ""weight"": 10.19}, {""stock_code"": ""000975"", ""stock_name"": ""山金国际"", ""weight"": 9.45}, {""stock_code"": ""600547"", ""stock_name"": ""山东黄金"", ""weight"": 9.42}, {""stock_code"": ""600489"", ""stock_name"": ""中金黄金"", ""weight"": 9.3}, {""stock_code"": ""601069"", ""stock_name"": ""西部黄金"", ""weight"": 9.15}], ""holdings_report_date"": ""2026-06-30""}",2.065,"[""018751"", ""001466""]",2026-08-21 04:52:29,1,,sector,
14,2026-08-24,022320,汇添富弘瑞回报混合发起式A,1,0.012007296524964624,5.593919165195112,BEAR,"这只基金重点布局了黄金、铜等金属矿产，重仓股票包括中国黄金国际、紫金矿业、洛阳钼业等，都是资源板块里有实力的公司。最近贵金属板块涨得最好，黄金概念资金流入明显，加上国际局势不稳定，避险需求强，这些持仓正好踩在热点上。基金近1月涨幅达到12.4%，表现比同赛道多数基金更突出，而且它的历史回撤控制得比较好，拿起来更安心。 | 否决记录: [{""code"": ""023834"", ""name"": ""广发资源智选股票发起式A"", ""reason"": ""虽然近1月涨幅更高（+14.0%），但卡玛比率为负（-1.74），说明收益伴随较大波动或回撤，在熊市环境下风险调整后收益较差；组合分和Hurst指数也低于入选基金，趋势稳定性不足。""}]",,HOLD,,,,"{""sector"": ""一般金属及矿石"", ""rbsa_industry_1"": ""一般金属及矿石"", ""rbsa_weight_1"": 22.69, ""rbsa_industry_2"": ""基本金属"", ""rbsa_weight_2"": 14.77, ""rbsa_industry_3"": ""贵金属"", ""rbsa_weight_3"": 10.129999999999999, ""momentum_20d"": 16.295336787564786, ""hurst_60d"": 0.8072612795335625, ""calmar"": 2.2753211826165356, ""sector_rel_momentum"": 11.6, ""sector_rel_calmar"": 3.5, ""top_holdings"": [{""stock_code"": ""02099"", ""stock_name"": ""中国黄金国际"", ""weight"": 8.95}, {""stock_code"": ""601899"", ""stock_name"": ""紫金矿业"", ""weight"": 6.56}, {""stock_code"": ""603993"", ""stock_name"": ""洛阳钼业"", ""weight"": 6.39}, {""stock_code"": ""000408"", ""stock_name"": ""藏格矿业"", ""weight"": 5.43}, {""stock_code"": ""01258"", ""stock_name"": ""中国有色矿业"", ""weight"": 4.83}], ""holdings_report_date"": ""2026-06-30""}",1.4161,"[""022320"", ""023834""]",2026-08-24 04:43:34,1,,sector,
15,2026-08-24,019879,万家周期驱动股票发起式A,1,0.054578021718131156,4.600145468593597,BEAR,这只基金重点布局了港口航运、石油天然气和黄金等近期有明确利好的行业。比如它重仓的招商轮船和中远海能都是航运龙头，受益于一带一路和贸易物流恢复；中国海洋石油和山东黄金则分别受益于中东局势紧张带来的油价上涨，以及避险情绪推动的金价走强。基金近1月涨幅达到13.3%，表现非常亮眼，而且这些行业目前都有政策或事件支撑，短期趋势向好。,,WARNING,,,,"{""sector"": ""港口航运"", ""rbsa_industry_1"": ""港口航运"", ""rbsa_weight_1"": 12.42, ""rbsa_industry_2"": ""煤炭"", ""rbsa_weight_2"": 10.64, ""rbsa_industry_3"": ""基本金属"", ""rbsa_weight_3"": 5.72, ""momentum_20d"": 13.677998401672099, ""hurst_60d"": 0.7393425795451329, ""calmar"": 1.0447187634719157, ""sector_rel_momentum"": 10.1, ""sector_rel_calmar"": 0.5, ""top_holdings"": [{""stock_code"": ""601872"", ""stock_name"": ""招商轮船"", ""weight"": 4.72}, {""stock_code"": ""00883"", ""stock_name"": ""中国海洋石油"", ""weight"": 4.5}, {""stock_code"": ""600026"", ""stock_name"": ""中远海能"", ""weight"": 4.45}, {""stock_code"": ""601898"", ""stock_name"": ""中煤能源"", ""weight"": 4.14}, {""stock_code"": ""01787"", ""stock_name"": ""山东黄金"", ""weight"": 4.09}], ""holdings_report_date"": ""2026-06-30""}",1.8492,"[""019879""]",2026-08-24 04:43:44,1,,sector,
16,2026-08-25,007306,华泰柏瑞基本面智选A,2,0.014003663004340564,3.5353776755186512,BEAR,"这只基金主要投资石油天然气相关股票，比如中国石油和中国海洋石油，正好赶上近期油价上涨的好时机。同时它还配置了一些食品饮料类股票，起到平衡风险的作用。最近一个月它的涨幅是6.6%，表现稳健，而且历史上回撤控制得比较好，没有大起大落。相比另一只基金，这只没有过多持有贵金属和煤炭，避开了最近这两个板块下跌的风险，更让人放心。 | 否决记录: [{""code"": ""013341"", ""name"": ""工银核心机遇混合A"", ""reason"": ""这只基金虽然近期涨得更多（近1月+7.5%），但历史回撤较大（卡玛为负），且重仓了贵金属和煤炭，这些板块最近不被看好，风险偏高，所以不选它。""}]",,WARNING,,,,"{""sector"": ""石油及天然气"", ""rbsa_industry_1"": ""石油及天然气"", ""rbsa_weight_1"": 17.5, ""rbsa_industry_2"": ""食物饮品"", ""rbsa_weight_2"": 15.83, ""rbsa_industry_3"": ""煤炭"", ""rbsa_weight_3"": 8.82, ""momentum_20d"": 8.762348405750542, ""hurst_60d"": 0.6991752640607675, ""calmar"": 1.1774325792572011, ""sector_rel_momentum"": 6.3, ""sector_rel_calmar"": 2.5, ""top_holdings"": [{""stock_code"": ""00857"", ""stock_name"": ""中国石油股份"", ""weight"": 8.85}, {""stock_code"": ""00883"", ""stock_name"": ""中国海洋石油"", ""weight"": 8.65}, {""stock_code"": ""600256"", ""stock_name"": ""广汇能源"", ""weight"": 8.37}, {""stock_code"": ""09858"", ""stock_name"": ""优然牧业"", ""weight"": 8.18}, {""stock_code"": ""01117"", ""stock_name"": ""现代牧业"", ""weight"": 7.65}], ""holdings_report_date"": ""2026-06-30""}",1.3581,"[""013341"", ""007306""]",2026-08-25 04:44:19,1,,sector,
17,2026-08-25,014913,博时研究回报混合A,1,0.03362000146521659,5.6731434297582535,BEAR,这只基金主要买的是银行股和石油股，重仓了宁波银行、渝农商行、中国海洋石油等公司。银行股因为央行放水、市场钱变多，经营环境更稳；石油股因为中东局势紧张、油价有上涨支撑。这些行业最近都有实实在在的利好，所以基金表现不错，近1月涨幅达到+9.7%，在同类基金里非常突出。虽然涨得快了点，但背后有政策和行业前景支撑，值得关注。,,WARNING,,,,"{""sector"": ""银行"", ""rbsa_industry_1"": ""银行"", ""rbsa_weight_1"": 18.130000000000003, ""rbsa_industry_2"": ""船舶与海洋装备"", ""rbsa_weight_2"": 9.09, ""rbsa_industry_3"": ""通用设备"", ""rbsa_weight_3"": 6.53, ""momentum_20d"": 12.284624490332764, ""hurst_60d"": 0.7664204353275812, ""calmar"": 3.6638888888888945, ""sector_rel_momentum"": 10.6, ""sector_rel_calmar"": 3.7, ""top_holdings"": [{""stock_code"": ""603268"", ""stock_name"": ""松发股份"", ""weight"": 9.09}, {""stock_code"": ""002142"", ""stock_name"": ""宁波银行"", ""weight"": 8.33}, {""stock_code"": ""603187"", ""stock_name"": ""海容冷链"", ""weight"": 6.53}, {""stock_code"": ""601077"", ""stock_name"": ""渝农商行"", ""weight"": 6.29}, {""stock_code"": ""00883"", ""stock_name"": ""中国海洋石油"", ""weight"": 6.0}], ""holdings_report_date"": ""2026-06-30""}",1.7074,"[""014913""]",2026-08-25 04:44:29,1,,sector,
18,2026-08-26,022320,汇添富弘瑞回报混合发起式A,1,0.008750459423325517,5.453915713561191,BEAR,"这只基金重点布局有色金属和贵金属，前几大重仓股包括中国黄金国际、紫金矿业、洛阳钼业等，都是资源龙头。最近工信部提出推进新型工业化和原材料工业高质量发展，对金属和矿石板块是直接利好；同时黄金和铜等资源价格有支撑。基金近1月涨幅10.8%，在同类里表现靠前，而且历史回撤控制得比较好，跌的时候比大盘抗跌。虽然涨的时候可能不那么猛，但更适合当前市场环境。 | 否决记录: [{""code"": ""023834"", ""name"": ""广发资源智选股票发起式A"", ""reason"": ""卡玛比率为负，近60日最大回撤达23.8%，下行捕获1.17说明大盘下跌时它跌得更多；虽然近1月涨幅13.5%更高，但主要来自高波动，风险调整后收益明显落后，权衡后回避。""}]",,HOLD,,,,"{""sector"": ""一般金属及矿石"", ""rbsa_industry_1"": ""一般金属及矿石"", ""rbsa_weight_1"": 22.69, ""rbsa_industry_2"": ""基本金属"", ""rbsa_weight_2"": 14.77, ""rbsa_industry_3"": ""贵金属"", ""rbsa_weight_3"": 10.129999999999999, ""momentum_20d"": 16.295336787564786, ""hurst_60d"": 0.8072612795335625, ""calmar"": 2.2753211826165356, ""sector_rel_momentum"": 10.7, ""sector_rel_calmar"": 3.4, ""top_holdings"": [{""stock_code"": ""02099"", ""stock_name"": ""中国黄金国际"", ""weight"": 8.95}, {""stock_code"": ""601899"", ""stock_name"": ""紫金矿业"", ""weight"": 6.56}, {""stock_code"": ""603993"", ""stock_name"": ""洛阳钼业"", ""weight"": 6.39}, {""stock_code"": ""000408"", ""stock_name"": ""藏格矿业"", ""weight"": 5.43}, {""stock_code"": ""01258"", ""stock_name"": ""中国有色矿业"", ""weight"": 4.83}], ""holdings_report_date"": ""2026-06-30"", ""model_version"": ""2026-08-20|2026-08-20 12:41""}",1.3781,"[""022320"", ""023834""]",2026-08-26 05:47:23,1,,sector,
19,2026-08-26,017787,万家宏观择时多策略混合C,1,0.00998273168340634,6.363891969676242,BEAR,这只基金重仓煤炭行业，买的是潞安环能、平煤股份、淮北矿业、山煤国际、山西焦煤这些大型煤企。煤炭现在有政策利好，国家在控制煤炭供给、推动产能治理，煤炭价格预期稳中有升，而且煤炭板块本身比较抗跌，适合现在的市场环境。这只基金最近1个月涨了16.7%，比同赛道其他基金平均涨幅高出一大截，说明不是光靠行业整体上涨，而是基金经理选股和择时做得更好。同时大盘跌的时候它跌得很少，抗跌能力强，拿起来更安心。,,HOLD,,,,"{""sector"": ""煤炭"", ""rbsa_industry_1"": ""煤炭"", ""rbsa_weight_1"": 77.84, ""rbsa_industry_2"": ""饮料"", ""rbsa_weight_2"": 15.43, ""rbsa_industry_3"": ""基本金属"", ""rbsa_weight_3"": 10.58, ""momentum_20d"": 15.475678002582871, ""hurst_60d"": 0.817563985950096, ""calmar"": 4.201146944788205, ""sector_rel_momentum"": 12.6, ""sector_rel_calmar"": 4.0, ""top_holdings"": [{""stock_code"": ""601699"", ""stock_name"": ""潞安环能"", ""weight"": 9.0}, {""stock_code"": ""601666"", ""stock_name"": ""平煤股份"", ""weight"": 8.99}, {""stock_code"": ""600985"", ""stock_name"": ""淮北矿业"", ""weight"": 8.72}, {""stock_code"": ""600546"", ""stock_name"": ""山煤国际"", ""weight"": 8.46}, {""stock_code"": ""000983"", ""stock_name"": ""山西焦煤"", ""weight"": 7.88}], ""holdings_report_date"": ""2026-06-30"", ""model_version"": ""2026-08-20|2026-08-20 12:41""}",3.3432,"[""017787""]",2026-08-26 05:47:32,1,,sector,
20,2026-08-27,022320,汇添富弘瑞回报混合发起式A,1,0.04515629245881388,4.452733569706043,BEAR,"这只基金主要投资有色金属行业，重仓了中国黄金国际、紫金矿业、洛阳钼业等龙头公司。最近有色行业利润大增，这些公司业绩表现好，带动基金近1月涨了13.2%，明显超过同类基金的7.7%，说明它选股更有本事。同时它控制亏损的能力也不错，回撤比另一只基金小。在政策支持资源和工业企业的大背景下，这只基金后续还值得期待。 | 否决记录: [{""code"": ""023834"", ""name"": ""广发资源智选股票发起式A"", ""reason"": ""这只基金虽然也投有色金属，但近期收益质量较差，最大回撤更大，风险更高；相比之下不如选择风险收益比更好的汇添富弘瑞回报。""}]",,HOLD,,,,"{""sector"": ""一般金属及矿石"", ""rbsa_industry_1"": ""一般金属及矿石"", ""rbsa_weight_1"": 22.69, ""rbsa_industry_2"": ""基本金属"", ""rbsa_weight_2"": 14.77, ""rbsa_industry_3"": ""贵金属"", ""rbsa_weight_3"": 10.129999999999999, ""momentum_20d"": 13.234360114321998, ""hurst_60d"": 0.7948560801344474, ""calmar"": 2.723685787428966, ""sector_rel_momentum"": 5.3, ""sector_rel_calmar"": 3.5, ""top_holdings"": [{""stock_code"": ""02099"", ""stock_name"": ""中国黄金国际"", ""weight"": 8.95}, {""stock_code"": ""601899"", ""stock_name"": ""紫金矿业"", ""weight"": 6.56}, {""stock_code"": ""603993"", ""stock_name"": ""洛阳钼业"", ""weight"": 6.39}, {""stock_code"": ""000408"", ""stock_name"": ""藏格矿业"", ""weight"": 5.43}, {""stock_code"": ""01258"", ""stock_name"": ""中国有色矿业"", ""weight"": 4.83}], ""holdings_report_date"": ""2026-06-30"", ""model_version"": ""2026-08-27|2026-08-27 13:46""}",1.4263,"[""022320"", ""023834""]",2026-08-27 05:48:04,1,,sector,
21,2026-08-27,011845,博时周期优选混合A,1,0.018730383474877956,3.813387784922639,BEAR,"这只基金虽然叫周期优选，但组合里既有保险龙头中国平安，又有科达制造、罗曼股份这些和原材料、地产基建相关的公司，正好踩在当前的政策风口上。最近保险公司因为投资收益改善、利润大涨，资金也在从港股回流A股，保险板块确定性很高；同时它持有的周期类股票受益于原材料利润大增和各地稳楼市政策，具备继续反弹的潜力。基金近1月涨幅+11.2%，在同类里明显跑赢，说明它自己选股能力强，不是光靠大盘带动。虽然短期涨得有点多可能回调，但整体表现比另一只要稳健。 | 否决记录: [{""code"": ""008861"", ""name"": ""西部利得港股通新机遇混合A"", ""reason"": ""这只基金虽然也沾保险，但重仓里还有不少半导体股票，半导体不在当前推荐的赛道里，而且港股通基金在熊市里更容易受流动性影响。近1月涨幅只有+4.1%，比入选那只低不少，整体性价比不足。""}]",,HOLD,,,,"{""sector"": ""保险"", ""rbsa_industry_1"": ""保险"", ""rbsa_weight_1"": 10.94, ""rbsa_industry_2"": ""银行"", ""rbsa_weight_2"": 8.96, ""rbsa_industry_3"": ""通用设备"", ""rbsa_weight_3"": 8.719999999999999, ""momentum_20d"": 11.781358885017411, ""hurst_60d"": 0.6796160717342533, ""calmar"": 0.22402385966527846, ""sector_rel_momentum"": 10.1, ""sector_rel_calmar"": 0.4, ""top_holdings"": [{""stock_code"": ""02318"", ""stock_name"": ""中国平安"", ""weight"": 7.97}, {""stock_code"": ""600499"", ""stock_name"": ""科达制造"", ""weight"": 6.35}, {""stock_code"": ""605289"", ""stock_name"": ""罗曼股份"", ""weight"": 6.24}, {""stock_code"": ""920225"", ""stock_name"": ""利通科技"", ""weight"": 6.13}, {""stock_code"": ""920394"", ""stock_name"": ""民士达"", ""weight"": 5.26}], ""holdings_report_date"": ""2026-06-30"", ""model_version"": ""2026-08-27|2026-08-27 13:46""}",1.0266,"[""011845"", ""008861""]",2026-08-27 05:49:36,1,,sector,
22,2026-08-28,008861,西部利得港股通新机遇混合A,2,0.015474229947125457,1.1937969380032547,BEAR,"这只基金重仓了不少保险股，包括中国人寿和中国太保，正好对上了最近保险公司业绩爆发的利好；同时还配了一些券商等金融股，在资本市场政策活跃的时候也能受益。它最近1个月涨幅是7.3%，涨得不算夸张但比较实在，而且在大盘下跌时比大盘更抗跌，近60天最大回撤只有8.4%，在熊市里拿着更安心。 | 否决记录: [{""code"": ""011845"", ""name"": ""博时周期优选混合A"", ""reason"": ""近1月涨幅高达15.6%，远超同行中位数1.5%，且被标记走势异常；实际保险持仓只有10.9%，大涨主要靠科达制造、罗曼股份等周期小盘股，持续性存疑，熊市追高风险大。""}]",EMA60趋势退出: NAV连续2日<EMA60（自入场后高点回撤5.17%）,EXIT,2026-09-12,,-0.049471017732081624,"{""sector"": ""保险"", ""rbsa_industry_1"": ""保险"", ""rbsa_weight_1"": 29.379999999999995, ""rbsa_industry_2"": ""其他金融"", ""rbsa_weight_2"": 14.85, ""rbsa_industry_3"": ""半导体"", ""rbsa_weight_3"": 11.06, ""momentum_20d"": 5.435978004713293, ""hurst_60d"": 0.6266266743526006, ""calmar"": -0.6772048902912655, ""sector_rel_momentum"": 4.1, ""sector_rel_calmar"": -1.0, ""top_holdings"": [{""stock_code"": ""00981"", ""stock_name"": ""中芯国际"", ""weight"": 6.12}, {""stock_code"": ""02628"", ""stock_name"": ""中国人寿"", ""weight"": 6.09}, {""stock_code"": ""02601"", ""stock_name"": ""中国太保"", ""weight"": 5.9}, {""stock_code"": ""02611"", ""stock_name"": ""国泰海通"", ""weight"": 5.86}, {""stock_code"": ""06030"", ""stock_name"": ""中信证券"", ""weight"": 5.64}], ""holdings_report_date"": ""2026-06-30"", ""model_version"": ""2026-08-27|2026-08-27 13:46""}",0.6711,"[""011845"", ""008861""]",2026-08-28 05:45:32,1,,sector,
23,2026-08-28,017787,万家宏观择时多策略混合C,1,0.012910552834926795,5.344469126172072,BEAR,"这只基金主要投资煤炭股，重仓了潞安环能、平煤股份、淮北矿业等公司。煤炭行业估值低、分红高，在市场不好的时候比较抗跌，有避险作用。最近一个月这只基金涨了19.7%，明显比同行业其他基金的平均涨幅高很多，说明基金经理选股能力不错。而且它在市场下跌时跌得比大盘少，适合现在的弱势行情，所以推荐它。 | 否决记录: [{""code"": ""016814"", ""name"": ""国联中证煤炭指数C"", ""reason"": ""卡玛比率为-1.03，风险调整后收益为负；大盘上涨时基金几乎不涨（上行捕获-0.00），上涨质量差；近1月涨幅+13.2%低于候选1，且最大回撤24.4%大于候选1的17.3%，综合表现不如候选1。""}]",,HOLD,,,,"{""sector"": ""煤炭"", ""rbsa_industry_1"": ""煤炭"", ""rbsa_weight_1"": 77.84, ""rbsa_industry_2"": ""饮料"", ""rbsa_weight_2"": 15.43, ""rbsa_industry_3"": ""基本金属"", ""rbsa_weight_3"": 10.58, ""momentum_20d"": 15.222631402745224, ""hurst_60d"": 0.7012012211988555, ""calmar"": 2.376642066420667, ""sector_rel_momentum"": 12.9, ""sector_rel_calmar"": 2.0, ""top_holdings"": [{""stock_code"": ""601699"", ""stock_name"": ""潞安环能"", ""weight"": 9.0}, {""stock_code"": ""601666"", ""stock_name"": ""平煤股份"", ""weight"": 8.99}, {""stock_code"": ""600985"", ""stock_name"": ""淮北矿业"", ""weight"": 8.72}, {""stock_code"": ""600546"", ""stock_name"": ""山煤国际"", ""weight"": 8.46}, {""stock_code"": ""000983"", ""stock_name"": ""山西焦煤"", ""weight"": 7.88}], ""holdings_report_date"": ""2026-06-30"", ""model_version"": ""2026-08-27|2026-08-27 13:46""}",3.4417,"[""017787"", ""016814""]",2026-08-28 05:45:49,1,,sector,
24,2026-08-31,011184,东方阿尔法招阳混合A,1,0.07854129162940122,6.709712262854702,BEAR,这只基金主要投资军工航天相关的公司，比如洪都航空、中无人机、航天南湖，这些都是造飞机、无人机和雷达的企业。最近国际局势紧张，美国伊朗冲突、霍尔木兹海峡关闭，国家会更加重视国防安全，这些军工企业会直接受益。基金最近1个月涨了19.9%，表现很猛，而且比同类基金多赚了不少，说明基金经理选股有本事，不是光靠行情。不过它的波动也比较大，跌起来可能比大盘还快，适合能承受风险的人。,,HOLD,,,,"{""sector"": ""航空航天装备"", ""rbsa_industry_1"": ""航空航天装备"", ""rbsa_weight_1"": 50.44, ""rbsa_industry_2"": ""电子设备制造"", ""rbsa_weight_2"": 20.0, ""rbsa_industry_3"": ""电子元件"", ""rbsa_weight_3"": 10.350000000000001, ""momentum_20d"": 22.012790306294193, ""hurst_60d"": 0.7187432097877317, ""calmar"": -1.0160313157021148, ""sector_rel_momentum"": 17.5, ""sector_rel_calmar"": 0.8, ""top_holdings"": [{""stock_code"": ""600316"", ""stock_name"": ""洪都航空"", ""weight"": 8.9}, {""stock_code"": ""002179"", ""stock_name"": ""中航光电"", ""weight"": 8.8}, {""stock_code"": ""688297"", ""stock_name"": ""中无人机"", ""weight"": 8.67}, {""stock_code"": ""600184"", ""stock_name"": ""光电股份"", ""weight"": 7.96}, {""stock_code"": ""688552"", ""stock_name"": ""航天南湖"", ""weight"": 7.94}], ""holdings_report_date"": ""2026-06-30"", ""model_version"": ""2026-08-27|2026-08-27 13:46""}",0.3625,"[""011184""]",2026-08-31 05:54:58,1,,sector,
25,2026-08-31,017787,万家宏观择时多策略混合C,1,0.012910552834926795,6.445763794195796,BEAR,这只基金重仓煤炭行业，主要持有潞安环能、平煤股份、淮北矿业、山煤国际、山西焦煤这些大型煤企。现在中东局势紧张，石油运输可能受阻，煤炭作为能源替代品价格容易上涨，这些煤企的利润会更好。基金最近1个月涨了16.2%，比同类基金平均高出不少，说明它选股和管理能力更强；而且大盘下跌时它跌幅也小，防守性好。虽然近期有过一些波动，但整体势头较强，适合当前环境。,,HOLD,,,,"{""sector"": ""煤炭"", ""rbsa_industry_1"": ""煤炭"", ""rbsa_weight_1"": 77.84, ""rbsa_industry_2"": ""饮料"", ""rbsa_weight_2"": 15.43, ""rbsa_industry_3"": ""基本金属"", ""rbsa_weight_3"": 10.58, ""momentum_20d"": 18.31261589176567, ""hurst_60d"": 0.7017762362491339, ""calmar"": 2.5876777251184877, ""sector_rel_momentum"": 14.9, ""sector_rel_calmar"": 2.0, ""top_holdings"": [{""stock_code"": ""601699"", ""stock_name"": ""潞安环能"", ""weight"": 9.0}, {""stock_code"": ""601666"", ""stock_name"": ""平煤股份"", ""weight"": 8.99}, {""stock_code"": ""600985"", ""stock_name"": ""淮北矿业"", ""weight"": 8.72}, {""stock_code"": ""600546"", ""stock_name"": ""山煤国际"", ""weight"": 8.46}, {""stock_code"": ""000983"", ""stock_name"": ""山西焦煤"", ""weight"": 7.88}], ""holdings_report_date"": ""2026-06-30"", ""model_version"": ""2026-08-27|2026-08-27 13:46""}",3.4455,"[""017787""]",2026-08-31 05:55:06,1,,sector,
26,2026-09-01,006644,弘毅远方消费升级混合A,1,0.052729142877201825,5.292011136239693,BEAR,"这只基金重仓计算机软件行业，前几大重仓股有光云科技、深信服、达梦数据等，都是做企业软件、网络安全和数据库的公司。最近国家密集出台AI和数字经济的支持政策，这些公司直接受益，政策推动下订单和业绩有望提升。另外它还配了一些半导体股票，弹性更足。基金近1月涨幅29.1%，在同类基金里明显跑在前面，说明它抓住了这波计算机软件行情。虽然波动比一些保守基金大，但在这个方向里它的进攻性最强，适合愿意承受波动的投资者。 | 否决记录: [{""code"": ""001150"", ""name"": ""融通互联网传媒灵活配置混合A"", ""reason"": ""组合分较低(3.992 vs 5.292)，20日动量偏离较小(+12.8% vs +17.4%)，说明相对赛道同行的超额收益较弱；虽然回撤略小，但计算机软件集中度更高导致波动风险并未有效降低，且缺少半导体等弹性持仓，上涨动能不足。""}]",EMA60趋势退出: NAV连续2日<EMA60（自高点回撤23.61%）,EXIT,2026-09-01,,0.0,"{""sector"": ""计算机软件"", ""rbsa_industry_1"": ""计算机软件"", ""rbsa_weight_1"": 26.59, ""rbsa_industry_2"": ""半导体"", ""rbsa_weight_2"": 16.53, ""rbsa_industry_3"": ""软件服务"", ""rbsa_weight_3"": 8.370000000000001, ""momentum_20d"": 17.54914968037633, ""hurst_60d"": 0.7183087825014137, ""calmar"": -1.688350426052265, ""sector_rel_momentum"": 17.1, ""sector_rel_calmar"": -0.8, ""top_holdings"": [{""stock_code"": ""688365"", ""stock_name"": ""光云科技"", ""weight"": 6.39}, {""stock_code"": ""300454"", ""stock_name"": ""深信服"", ""weight"": 6.12}, {""stock_code"": ""603986"", ""stock_name"": ""兆易创新"", ""weight"": 5.46}, {""stock_code"": ""300662"", ""stock_name"": ""科锐国际"", ""weight"": 5.18}, {""stock_code"": ""688692"", ""stock_name"": ""达梦数据"", ""weight"": 4.92}], ""holdings_report_date"": ""2026-06-30"", ""model_version"": ""2026-08-27|2026-08-27 13:46""}",0.9746,"[""006644"", ""001150""]",2026-09-01 05:42:51,1,,sector,
27,2026-09-01,026516,上银科技先锋股票发起式A,2,0.052218342424837166,3.1564688223119637,BEAR,"这只基金主要投资互联网游戏和软件板块，重仓了吉比特、世纪华通、巨人网络、三七互娱、完美世界这几家游戏公司，近期AI应用和数字经济的政策对这类公司有直接利好。基金最近1个月涨了17.4%，在同类基金中表现领先，而且它没有碰回避行业，回撤也相对可控，更适合现在这样震荡的市场。 | 否决记录: [{""code"": ""026078"", ""name"": ""中航卓越领航混合发起A"", ""reason"": ""虽然它的组合分更高，但重仓里包含28%的电子设备制造，而这个行业目前是明确回避的；同时它近60日最大回撤高达50.8%，下跌时比大盘跌得更多，风险过大，所以不选它。""}]",EMA60趋势退出: NAV连续2日<EMA60（自高点回撤21.74%）,EXIT,2026-09-01,,0.0,"{""sector"": ""互联网服务"", ""rbsa_industry_1"": ""互联网服务"", ""rbsa_weight_1"": 58.839999999999996, ""rbsa_industry_2"": ""软件服务"", ""rbsa_weight_2"": 16.0, ""rbsa_industry_3"": ""媒体及娱乐"", ""rbsa_weight_3"": 8.0, ""momentum_20d"": 10.253296321998606, ""hurst_60d"": 0.6934868065297188, ""calmar"": -1.7720453998959889, ""sector_rel_momentum"": 10.9, ""sector_rel_calmar"": -1.4, ""top_holdings"": [{""stock_code"": ""603444"", ""stock_name"": ""吉比特"", ""weight"": 9.11}, {""stock_code"": ""002602"", ""stock_name"": ""世纪华通"", ""weight"": 9.01}, {""stock_code"": ""002558"", ""stock_name"": ""巨人网络"", ""weight"": 8.78}, {""stock_code"": ""002555"", ""stock_name"": ""三七互娱"", ""weight"": 8.68}, {""stock_code"": ""002624"", ""stock_name"": ""完美世界"", ""weight"": 8.65}], ""holdings_report_date"": ""2026-06-30"", ""model_version"": ""2026-08-27|2026-08-27 13:46""}",0.6355,"[""026078"", ""026516""]",2026-09-01 05:43:10,1,,sector,
28,2026-09-02,025415,新华策略精选股票C,1,0.05558687058365782,6.871621272194303,BEAR,这只基金主要买的是电子设备制造和电子元件公司，比如华峰测控、杰普特等，这些公司都是做电子设备产业链的，最近国家在大力刺激消费，资金也在流向消费电子板块，所以这些公司受到利好推动。基金最近一个月涨了34.2%，比同类型基金平均涨1.7%要强很多，说明基金经理选股选得比较好。不过要注意，这只基金波动比较大，跌起来也可能比较猛，适合能承受风险的人。,,HOLD,,,,"{""sector"": ""电子设备制造"", ""rbsa_industry_1"": ""电子设备制造"", ""rbsa_weight_1"": 28.560000000000002, ""rbsa_industry_2"": ""电子元件"", ""rbsa_weight_2"": 14.77, ""rbsa_industry_3"": ""通用设备"", ""rbsa_weight_3"": 12.02, ""momentum_20d"": 20.843029925595722, ""hurst_60d"": 0.7672446451008387, ""calmar"": -0.3761109100557234, ""sector_rel_momentum"": 18.7, ""sector_rel_calmar"": 0.9, ""top_holdings"": [{""stock_code"": ""688205"", ""stock_name"": ""德科立"", ""weight"": 9.4}, {""stock_code"": ""688200"", ""stock_name"": ""华峰测控"", ""weight"": 8.68}, {""stock_code"": ""688025"", ""stock_name"": ""杰普特"", ""weight"": 8.31}, {""stock_code"": ""688668"", ""stock_name"": ""鼎通科技"", ""weight"": 7.54}, {""stock_code"": ""300731"", ""stock_name"": ""科创新源"", ""weight"": 7.48}], ""holdings_report_date"": ""2026-06-30"", ""model_version"": ""2026-08-27|2026-08-27 13:46""}",3.6868,"[""025415""]",2026-09-02 05:46:41,1,,sector,
29,2026-09-03,009999,东方中国红利混合,2,0.0010009479658930032,2.8982186392785225,BEAR,"推荐东方中国红利混合。这只基金重仓中国海油、中国石油这些石油巨头，还有银行股，正好赶上最近石油涨价和中东局势带来的避险行情。它非常抗跌，大盘跌的时候它跌得很少，回撤也小，拿在手里更安心。最近一个月它涨了6.8%，超过了同类基金的平均水平，同类平均才涨1.1%。而且它买的都是高分红的大公司，在熊市里防守性强，适合稳一点的人。 | 否决记录: [{""code"": ""005402"", ""name"": ""广发资源优选股票A"", ""reason"": ""这只基金虽然最近一个月涨了7.6%，但它的石油天然气仓位不高，更多靠化工股带动，行业纯度不如东方中国红利；而且它回撤超过13%，波动很大，在熊市里风险较高，不如009999稳。""}]",,HOLD,,,,"{""sector"": ""石油天然气"", ""rbsa_industry_1"": ""石油天然气"", ""rbsa_weight_1"": 15.76, ""rbsa_industry_2"": ""银行"", ""rbsa_weight_2"": 13.07, ""rbsa_industry_3"": ""港口航运"", ""rbsa_weight_3"": 12.61, ""momentum_20d"": 4.488585063846262, ""hurst_60d"": 0.6417152826100168, ""calmar"": 3.5918812481714024, ""sector_rel_momentum"": 3.2, ""sector_rel_calmar"": 2.4, ""top_holdings"": [{""stock_code"": ""600938"", ""stock_name"": ""中国海油"", ""weight"": 6.96}, {""stock_code"": ""600188"", ""stock_name"": ""兖矿能源"", ""weight"": 4.97}, {""stock_code"": ""601988"", ""stock_name"": ""中国银行"", ""weight"": 4.77}, {""stock_code"": ""002142"", ""stock_name"": ""宁波银行"", ""weight"": 4.71}, {""stock_code"": ""601857"", ""stock_name"": ""中国石油"", ""weight"": 4.71}], ""holdings_report_date"": ""2026-06-30"", ""model_version"": ""2026-09-03|2026-09-03 13:46""}",0.8101,"[""005402"", ""009999""]",2026-09-03 05:48:44,1,,sector,
30,2026-09-03,003333,泰信智选成长灵活配置混合A,2,-0.002592022417905402,2.416956165735564,BEAR,"这只基金非常稳，在最近行情不好的时候，它抗跌能力很强。它主要投资通用设备、视听器材和服装等行业的股票，比如海信视像、健盛集团、确成股份等。这些公司本身经营扎实，加上国家在‘六张网’和城市更新方面有政策支持，通用设备板块有修复机会。近一个月基金微跌0.8%，但同类平均跌1%，说明它跑赢了同行。虽然短期涨幅不如某些基金，但在市场较弱时，控制风险更重要。 | 否决记录: [{""code"": ""673060"", ""name"": ""西部利得景瑞灵活配置混合A"", ""reason"": ""虽然近一月涨幅19.7%很高，但回撤也很大（最大回撤33.2%），一旦市场下跌会亏很多，波动太剧烈。当前市场环境下，这种高风险基金不适合稳健投资，所以否决。""}]",,WARNING,,,,"{""sector"": ""通用设备"", ""rbsa_industry_1"": ""通用设备"", ""rbsa_weight_1"": 10.81, ""rbsa_industry_2"": ""视听器材"", ""rbsa_weight_2"": 4.63, ""rbsa_industry_3"": ""服装家纺"", ""rbsa_weight_3"": 4.29, ""momentum_20d"": 1.1936850211782701, ""hurst_60d"": 0.8036119513346127, ""calmar"": 3.811986950914201, ""sector_rel_momentum"": 2.5, ""sector_rel_calmar"": 5.5, ""top_holdings"": [{""stock_code"": ""600060"", ""stock_name"": ""海信视像"", ""weight"": 4.63}, {""stock_code"": ""603558"", ""stock_name"": ""健盛集团"", ""weight"": 4.29}, {""stock_code"": ""605183"", ""stock_name"": ""确成股份"", ""weight"": 3.94}, {""stock_code"": ""603218"", ""stock_name"": ""日月股份"", ""weight"": 3.81}, {""stock_code"": ""600282"", ""stock_name"": ""南钢股份"", ""weight"": 3.77}], ""holdings_report_date"": ""2026-06-30"", ""model_version"": ""2026-09-03|2026-09-03 13:46""}",0.7884,"[""673060"", ""003333""]",2026-09-03 05:49:16,1,,sector,
31,2026-09-04,009999,东方中国红利混合,1,0.002239238268719016,3.542809656899228,BEAR,这只基金重仓的行业是石油天然气、银行和港口航运，拿的股票有中国海油、中国石油、中国银行、宁波银行等。这些公司都是能源和金融里的龙头，经营稳定，分红也大方，在市场不好的时候特别扛跌。最近国家在强调能源保供和基础设施建设，石油天然气正好是受益方向，所以这些持仓有政策托底。基金近1月涨幅8.6%，说明近期表现很强，而且它比同类型基金涨得更多，不是光靠行业整体上涨，而是自己选股和操作有优势。整体来看，这是一只防守能力强、又有上涨潜力的基金，适合现在的市场环境。,,HOLD,,,,"{""sector"": ""石油天然气"", ""rbsa_industry_1"": ""石油天然气"", ""rbsa_weight_1"": 15.76, ""rbsa_industry_2"": ""银行"", ""rbsa_weight_2"": 13.07, ""rbsa_industry_3"": ""港口航运"", ""rbsa_weight_3"": 12.61, ""momentum_20d"": 5.185280494081312, ""hurst_60d"": 0.6655341401789198, ""calmar"": 4.7209997675409685, ""sector_rel_momentum"": 4.2, ""sector_rel_calmar"": 3.5, ""top_holdings"": [{""stock_code"": ""600938"", ""stock_name"": ""中国海油"", ""weight"": 6.96}, {""stock_code"": ""600188"", ""stock_name"": ""兖矿能源"", ""weight"": 4.97}, {""stock_code"": ""601988"", ""stock_name"": ""中国银行"", ""weight"": 4.77}, {""stock_code"": ""002142"", ""stock_name"": ""宁波银行"", ""weight"": 4.71}, {""stock_code"": ""601857"", ""stock_name"": ""中国石油"", ""weight"": 4.71}], ""holdings_report_date"": ""2026-06-30"", ""model_version"": ""2026-09-03|2026-09-03 13:46""}",0.8175,"[""009999""]",2026-09-04 05:42:28,1,,sector,
