id,date,recommend_log_id,recommended_sectors,risk_sectors,sector_reasoning,regime_label,key_news_snippet,used_insight_ids,outcome,outcome_date,outcome_note,created_at,pool_sectors,pool_outcomes
7,2026-08-14,4,"[""通信设备"", ""半导体"", ""电子元件""]",[],大盘处于熊市：沪深300收盘4663点，持续运行于EMA60（4734点）下方，近6日围绕4650-4700震荡，无明显方向。但外部流动性约束松动——美联储加息预期大幅降温，年内按兵不动概率升至68%，美债收益率承压；国内央行同日开展1万亿买断式逆回购，净投放3480亿，流动性充裕。政策端，新一代通信网建设推进，空天地海一体化信息通信布局明确；外贸数据强劲，上海前7月进出口增17.7%，集成电路等AI相关产品增61.9%，广东集成电路进出口1.39万亿、出口增58%；长鑫科技市值超越腾讯，外资加速配置中国半导体。资金面，通信设备主力净流入53.2亿元居首，通信板块净流入54.1亿元，板块强度与产业逻辑共振。半导体、电子元件受益于国产替代与外需双重催化。否决零售与互联网技术，前者基金仅4只缺乏机构背书，后者中期趋势恶化、资金回避。,BEAR,,[],胜,2026-08-26,退出时收益 +1.57%,2026-08-14 04:41:58,"[""医疗器械"", ""互联网技术"", ""其他电气设备"", ""通信设备"", ""电子元件"", ""零售"", ""其他医疗保健"", ""通用设备"", ""电子设备制造"", ""专用设备"", ""半导体"", ""物流""]",{}
8,2026-08-14,5,"[""通信设备"", ""半导体"", ""电子元件""]",[],大盘处于熊市：沪深300收盘4663点，持续运行于EMA60（4734点）下方，近6日围绕4650-4700震荡，无明显方向。但外部流动性约束松动——美联储加息预期大幅降温，年内按兵不动概率升至68%，美债收益率承压；国内央行同日开展1万亿买断式逆回购，净投放3480亿，流动性充裕。政策端，新一代通信网建设推进，空天地海一体化信息通信布局明确；外贸数据强劲，上海前7月进出口增17.7%，集成电路等AI相关产品增61.9%，广东集成电路进出口1.39万亿、出口增58%；长鑫科技市值超越腾讯，外资加速配置中国半导体。资金面，通信设备主力净流入53.2亿元居首，通信板块净流入54.1亿元，板块强度与产业逻辑共振。半导体、电子元件受益于国产替代与外需双重催化。否决零售与互联网技术，前者基金仅4只缺乏机构背书，后者中期趋势恶化、资金回避。,BEAR,,[],负,2026-09-12,退出时收益 -7.55%,2026-08-14 04:42:09,"[""医疗器械"", ""互联网技术"", ""其他电气设备"", ""通信设备"", ""电子元件"", ""零售"", ""其他医疗保健"", ""通用设备"", ""电子设备制造"", ""专用设备"", ""半导体"", ""物流""]",{}
9,2026-08-17,6,"[""电子设备制造"", ""电子元件"", ""金属非金属新材料""]","[""房地产开发""]",大盘技术面：沪深300收盘4665点位于EMA60（4731点）下方，连续6个交易日在EMA60附近弱势震荡，regime明确为熊市。新闻与政策面核心信号：（1）央地协同赋能北京硬科技产业，首批资本市场科技金融实践样本落地，叠加长鑫科技、宇树科技科创板上市，A股定价逻辑转向'科技为本、创新为核'，电子产业链直接受益；（2）国新办18日召开新闻发布会聚焦下沉市场与县域消费，但零售板块在熊市环境下缺乏业绩确定性，予以否决；（3）新型政策性金融工具8000亿蓄势待发，基建投资预期回暖，电子设备制造作为上游供给端具备业绩弹性；（4）半导体板块当日领涨近4%且主力净流入137亿，电子元件、电子设备制造作为半导体产业链上下游同步受益。资金面验证：电子板块主力净流入150亿、半导体137亿、电子化学品流入17.8亿，资金高度聚焦科技制造。金属非金属新材料虽然60日跌幅达-16.2%，但属于新材料领域，契合科技叙事与国产替代逻辑，且位置低、赔率优。房地产开发面临信贷'降速提质'与政策托底之间的博弈，风险大于机会，列入risk_sectors。,BEAR,,[],负,2026-08-26,退出时收益 -12.49%,2026-08-17 04:42:22,"[""互联网技术"", ""其他电气设备"", ""通信设备"", ""医疗器械"", ""零售"", ""通用设备"", ""船舶与海洋装备"", ""电子设备制造"", ""电子元件"", ""金属非金属新材料"", ""金属制品"", ""房地产开发""]",{}
10,2026-08-17,7,"[""电子设备制造"", ""电子元件"", ""金属非金属新材料""]","[""房地产开发""]",大盘技术面：沪深300收盘4665点位于EMA60（4731点）下方，连续6个交易日在EMA60附近弱势震荡，regime明确为熊市。新闻与政策面核心信号：（1）央地协同赋能北京硬科技产业，首批资本市场科技金融实践样本落地，叠加长鑫科技、宇树科技科创板上市，A股定价逻辑转向'科技为本、创新为核'，电子产业链直接受益；（2）国新办18日召开新闻发布会聚焦下沉市场与县域消费，但零售板块在熊市环境下缺乏业绩确定性，予以否决；（3）新型政策性金融工具8000亿蓄势待发，基建投资预期回暖，电子设备制造作为上游供给端具备业绩弹性；（4）半导体板块当日领涨近4%且主力净流入137亿，电子元件、电子设备制造作为半导体产业链上下游同步受益。资金面验证：电子板块主力净流入150亿、半导体137亿、电子化学品流入17.8亿，资金高度聚焦科技制造。金属非金属新材料虽然60日跌幅达-16.2%，但属于新材料领域，契合科技叙事与国产替代逻辑，且位置低、赔率优。房地产开发面临信贷'降速提质'与政策托底之间的博弈，风险大于机会，列入risk_sectors。,BEAR,,[],负,2026-08-26,退出时收益 -9.71%,2026-08-17 04:43:19,"[""互联网技术"", ""其他电气设备"", ""通信设备"", ""医疗器械"", ""零售"", ""通用设备"", ""船舶与海洋装备"", ""电子设备制造"", ""电子元件"", ""金属非金属新材料"", ""金属制品"", ""房地产开发""]",{}
11,2026-08-18,8,"[""电子设备制造"", ""电源设备"", ""物流"", ""专用设备""]","[""互联网技术"", ""机器人""]",大盘处于牛市格局，沪深300收于EMA60上方，9月政策窗口临近稳增长预期升温。核心逻辑：①电子设备制造受益于9部门活跃县域消费政策，乡镇商贸中心升级带动智能终端需求，基金持仓适中（274只）且20日涨幅6.3%趋势健康；②电源设备直接对接国务院'六张网'建设中新型电网5万亿投资主线，'算力+绿电'双轮驱动，7月逆回购零投放反映流动性宽松支撑基建发力；③物流板块是县域消费政策的最大受益者，村级寄递物流综合服务站建设明确写入文件，基金持仓仅24只弹性充足，且20日涨幅3.5%尚未过热；④专用设备受益于国务院强调的'链条长、体量大'领域持续用力及8000亿新型政策性金融工具投放，7月新动能贡献率超50%验证产业趋势。回避互联网技术和机器人因短期涨幅过大且缺乏增量政策催化，整体在牛市中保持结构性进攻姿态。,BULL,,[],负,2026-08-26,退出时收益 -12.49%,2026-08-18 04:42:10,"[""互联网技术"", ""通信设备"", ""电子元件"", ""合成纤维及树脂"", ""电子设备制造"", ""电源设备"", ""通用设备"", ""机器人"", ""金属制品"", ""专用设备"", ""物流"", ""输变电设备""]",{}
12,2026-08-18,9,"[""电子设备制造"", ""电源设备"", ""物流"", ""专用设备""]","[""互联网技术"", ""机器人""]",大盘处于牛市格局，沪深300收于EMA60上方，9月政策窗口临近稳增长预期升温。核心逻辑：①电子设备制造受益于9部门活跃县域消费政策，乡镇商贸中心升级带动智能终端需求，基金持仓适中（274只）且20日涨幅6.3%趋势健康；②电源设备直接对接国务院'六张网'建设中新型电网5万亿投资主线，'算力+绿电'双轮驱动，7月逆回购零投放反映流动性宽松支撑基建发力；③物流板块是县域消费政策的最大受益者，村级寄递物流综合服务站建设明确写入文件，基金持仓仅24只弹性充足，且20日涨幅3.5%尚未过热；④专用设备受益于国务院强调的'链条长、体量大'领域持续用力及8000亿新型政策性金融工具投放，7月新动能贡献率超50%验证产业趋势。回避互联网技术和机器人因短期涨幅过大且缺乏增量政策催化，整体在牛市中保持结构性进攻姿态。,BULL,,[],负,2026-08-26,退出时收益 -8.71%,2026-08-18 04:42:25,"[""互联网技术"", ""通信设备"", ""电子元件"", ""合成纤维及树脂"", ""电子设备制造"", ""电源设备"", ""通用设备"", ""机器人"", ""金属制品"", ""专用设备"", ""物流"", ""输变电设备""]",{}
13,2026-08-19,10,"[""电子元件"", ""通信设备"", ""半导体""]",[],大盘处于熊市：沪深300收盘价4725.81点位于EMA60（4731.58点）下方，且已连续多日运行于均线之下。从资金流向看，煤炭、焦炭等防御性板块获主力净流入超100亿元，而半导体领跌-6.33%，电子化学品跌-7.03%，显示成长股承压。但候选池中的电子元件（基金265只，5日+3.7%）有河南数据支撑——1-7月电子元件产量同比增11.8%，锂电增101.3%，体现实际需求韧性；通信设备（基金1069只）获券商研报明确利好——摩根士丹利邢自强指出全球AI周期仍支撑中国出口，且深圳与中国电信签署AI+卫星通信战略合作；半导体（基金2847只）虽短期受美债抛售冲击领跌，但上海张江「十五五」规划明确支持优质科技企业登陆科创板，政策底已现。三者基金参与度均较高，在熊市中具备防御+政策双重逻辑。否决的四个赛道均为追高降权且60日跌幅超10%，在熊市中追高风险极大。,BEAR,,[],负,2026-08-26,退出时收益 -9.71%,2026-08-19 04:44:15,"[""通信设备"", ""互联网技术"", ""电子元件"", ""农业"", ""半导体"", ""合成纤维及树脂"", ""电子设备制造"", ""航空航天装备"", ""机器人"", ""通用设备"", ""专用设备"", ""输变电设备""]",{}
14,2026-08-19,11,"[""电子元件"", ""通信设备"", ""半导体""]",[],大盘处于熊市：沪深300收盘价4725.81点位于EMA60（4731.58点）下方，且已连续多日运行于均线之下。从资金流向看，煤炭、焦炭等防御性板块获主力净流入超100亿元，而半导体领跌-6.33%，电子化学品跌-7.03%，显示成长股承压。但候选池中的电子元件（基金265只，5日+3.7%）有河南数据支撑——1-7月电子元件产量同比增11.8%，锂电增101.3%，体现实际需求韧性；通信设备（基金1069只）获券商研报明确利好——摩根士丹利邢自强指出全球AI周期仍支撑中国出口，且深圳与中国电信签署AI+卫星通信战略合作；半导体（基金2847只）虽短期受美债抛售冲击领跌，但上海张江「十五五」规划明确支持优质科技企业登陆科创板，政策底已现。三者基金参与度均较高，在熊市中具备防御+政策双重逻辑。否决的四个赛道均为追高降权且60日跌幅超10%，在熊市中追高风险极大。,BEAR,,[],负,2026-08-26,退出时收益 -6.19%,2026-08-19 04:44:23,"[""通信设备"", ""互联网技术"", ""电子元件"", ""农业"", ""半导体"", ""合成纤维及树脂"", ""电子设备制造"", ""航空航天装备"", ""机器人"", ""通用设备"", ""专用设备"", ""输变电设备""]",{}
15,2026-08-20,12,"[""工用运输""]",[],大盘处于熊市，沪深300收盘价位于EMA60下方，近6个交易日持续走弱，整体风险偏好受限。候选池中仅工用运输与农业两个赛道。工用运输受益于交通运输部今日举行的“人工智能+交通运输”典型应用场景创新行动专题新闻发布会，政策催化明确，且5日、20日涨幅温和，60日跌幅相对较小，基金数量较多，具备相对稳健的短期关注价值。农业虽有粮食危机预期发酵，但经济日报等权威媒体已警示国际资本炒作风险，且该赛道基金数量少、短期涨幅偏大，追高性价比不足，故行使否决权。综合判断，仅推荐工用运输。,BEAR,,[],负,2026-09-04,退出时收益 -1.66%,2026-08-20 07:01:23,"[""工用运输"", ""农业""]",{}
16,2026-08-21,13,"[""贵金属"", ""一般金属及矿石"", ""地产"", ""港口航运""]","[""农业"", ""石油天然气"", ""纺织""]",大盘处于熊市（沪深300收盘价低于EMA60），但结构性机会仍存。资金流向显示有色金属、贵金属、黄金概念主力净流入居前，贵金属板块当日大涨4.29%，且20日趋势稳健，受益于避险与通胀逻辑；一般金属及矿石对应工业金属，资金流入明显，有色板块业绩领跑半年报。地产受上海'沪八条'政策落地及财政贴息促内需提振，短期政策催化明确。港口航运受益于现代物流'十五五'规划即将发布的预期，且60日趋势相对抗跌。回避农业（种植业领跌）、石油天然气（政策压制油价）、纺织（缺乏催化且涨幅已高）。,BEAR,,[],待定,,,2026-08-21 04:52:29,"[""黄金及贵金属"", ""工用运输"", ""农业"", ""一般金属及矿石"", ""地产"", ""石油及天然气"", ""贵金属"", ""石油天然气"", ""其他建材"", ""纺织"", ""化学原料"", ""港口航运""]",
17,2026-08-24,14,"[""一般金属及矿石"", ""石油及天然气"", ""农业"", ""港口航运""]","[""保险"", ""基本金属""]","大盘状态：沪深300收盘4,618.90点，位于EMA60（4,763.51）下方，近6日走势震荡偏弱，量化候选池regime已标记为BEAR，判定为熊市环境。推荐逻辑：1）一般金属及矿石——贵金属领涨板块+3.07%居首，黄金概念主力净流入9.7亿，美元走弱叠加美债危机叙事驱动避险需求，地缘冲突背景下贵金属逻辑最强；2）石油及天然气——伊朗对美经济战言辞激烈，威胁封锁霍尔木兹海峡，若冲突升级将显著推升油价，中东地缘溢价仍存上行空间；3）农业——生猪价格8月中旬环比涨5.8%，政策明确稳猪价稳生产，种植业板块+2.51%，资金净流入1.96亿，基本面与资金面共振；4）港口航运——一带一路持续推进，海南文昌航空航天论坛举办叠加贸易物流需求修复，基金覆盖34只流动性充裕。风险板块：保险短期跟涨但缺乏持续性催化，市场博弈下估值修复动能有限；基本金属虽获主力资金流入但60日仍-1.6%，上方压力较大。否决权行使：候选池12个赛道均无明显政策利空或逻辑证伪，故未行使否决权。",BEAR,,[],待定,,,2026-08-24 04:43:34,"[""一般金属及矿石"", ""工用运输"", ""保险"", ""农业"", ""地产"", ""石油及天然气"", ""轨道交通设备"", ""化学原料"", ""基本金属"", ""专业零售"", ""家庭电器及用品"", ""港口航运""]",
18,2026-08-24,15,"[""一般金属及矿石"", ""石油及天然气"", ""农业"", ""港口航运""]","[""保险"", ""基本金属""]","大盘状态：沪深300收盘4,618.90点，位于EMA60（4,763.51）下方，近6日走势震荡偏弱，量化候选池regime已标记为BEAR，判定为熊市环境。推荐逻辑：1）一般金属及矿石——贵金属领涨板块+3.07%居首，黄金概念主力净流入9.7亿，美元走弱叠加美债危机叙事驱动避险需求，地缘冲突背景下贵金属逻辑最强；2）石油及天然气——伊朗对美经济战言辞激烈，威胁封锁霍尔木兹海峡，若冲突升级将显著推升油价，中东地缘溢价仍存上行空间；3）农业——生猪价格8月中旬环比涨5.8%，政策明确稳猪价稳生产，种植业板块+2.51%，资金净流入1.96亿，基本面与资金面共振；4）港口航运——一带一路持续推进，海南文昌航空航天论坛举办叠加贸易物流需求修复，基金覆盖34只流动性充裕。风险板块：保险短期跟涨但缺乏持续性催化，市场博弈下估值修复动能有限；基本金属虽获主力资金流入但60日仍-1.6%，上方压力较大。否决权行使：候选池12个赛道均无明显政策利空或逻辑证伪，故未行使否决权。",BEAR,,[],待定,,,2026-08-24 04:43:44,"[""一般金属及矿石"", ""工用运输"", ""保险"", ""农业"", ""地产"", ""石油及天然气"", ""轨道交通设备"", ""化学原料"", ""基本金属"", ""专业零售"", ""家庭电器及用品"", ""港口航运""]",
19,2026-08-25,16,"[""工用运输"", ""石油及天然气"", ""银行"", ""建筑施工""]","[""地产"", ""保险""]",大盘收于EMA60下方且连续走弱，技术面处于熊市。量化候选池中，优先选择有增量政策/事件驱动且未被追高降权的方向：工用运输受前7月货运量增长、外贸新航线开通及中东航运受阻推升运费影响，景气度向上；石油及天然气因美国对伊朗经济孤立、霍尔木兹海峡供应风险，油价存在上行支撑；银行直接受益于央行5000亿MLF和隔夜逆回购组合拳，流动性充裕稳定息差预期；建筑施工受“两重”建设、地方投资回稳政策催化，基建项目加快落地。否决一般金属及矿石（贵金属跳水拖累有色）、煤炭（追高且无新增催化）；地产虽有公积金政策但趋势偏弱、追高降权，保险同样追高且缺乏资金流入，列为风险回避。,BEAR,,[],待定,,,2026-08-25 04:44:19,"[""一般金属及矿石"", ""工用运输"", ""保险"", ""煤炭"", ""石油及天然气"", ""地产"", ""建筑施工"", ""轨道交通设备"", ""公用事业"", ""银行""]",
20,2026-08-25,17,"[""工用运输"", ""石油及天然气"", ""银行"", ""建筑施工""]","[""地产"", ""保险""]",大盘收于EMA60下方且连续走弱，技术面处于熊市。量化候选池中，优先选择有增量政策/事件驱动且未被追高降权的方向：工用运输受前7月货运量增长、外贸新航线开通及中东航运受阻推升运费影响，景气度向上；石油及天然气因美国对伊朗经济孤立、霍尔木兹海峡供应风险，油价存在上行支撑；银行直接受益于央行5000亿MLF和隔夜逆回购组合拳，流动性充裕稳定息差预期；建筑施工受“两重”建设、地方投资回稳政策催化，基建项目加快落地。否决一般金属及矿石（贵金属跳水拖累有色）、煤炭（追高且无新增催化）；地产虽有公积金政策但趋势偏弱、追高降权，保险同样追高且缺乏资金流入，列为风险回避。,BEAR,,[],待定,,,2026-08-25 04:44:29,"[""一般金属及矿石"", ""工用运输"", ""保险"", ""煤炭"", ""石油及天然气"", ""地产"", ""建筑施工"", ""轨道交通设备"", ""公用事业"", ""银行""]",
21,2026-08-26,18,"[""一般金属及矿石"", ""建筑施工"", ""工用运输"", ""煤炭""]","[""保险"", ""地产""]",当前大盘处于熊市（收盘价位于EMA60下方），但政策面积极信号密集：工信部部署“十五五”新型工业化与原材料工业高质量发展，对一般金属及矿石形成直接利好；国家发改委推进“六张网”投融资机制，明确支持水网、物流网、地下管网等重大工程，建筑施工和工用运输直接受益；煤炭供给约束与产能治理预期增强，且基金数量多、流动性好，具备防御属性。因此推荐以上赛道。保险虽受金融板块情绪带动，但自身动能不足且有追高降权提示；地产政策托底但基本面尚未反转，60日深度下跌，反弹不确定性大，列为风险。小家电和公用事业缺乏明确产业逻辑，予以否决。,BEAR,,[],待定,,,2026-08-26 05:47:23,"[""一般金属及矿石"", ""工用运输"", ""建筑施工"", ""煤炭"", ""保险"", ""地产"", ""公用事业"", ""小家电""]",
22,2026-08-26,19,"[""一般金属及矿石"", ""建筑施工"", ""工用运输"", ""煤炭""]","[""保险"", ""地产""]",当前大盘处于熊市（收盘价位于EMA60下方），但政策面积极信号密集：工信部部署“十五五”新型工业化与原材料工业高质量发展，对一般金属及矿石形成直接利好；国家发改委推进“六张网”投融资机制，明确支持水网、物流网、地下管网等重大工程，建筑施工和工用运输直接受益；煤炭供给约束与产能治理预期增强，且基金数量多、流动性好，具备防御属性。因此推荐以上赛道。保险虽受金融板块情绪带动，但自身动能不足且有追高降权提示；地产政策托底但基本面尚未反转，60日深度下跌，反弹不确定性大，列为风险。小家电和公用事业缺乏明确产业逻辑，予以否决。,BEAR,,[],待定,,,2026-08-26 05:47:32,"[""一般金属及矿石"", ""工用运输"", ""建筑施工"", ""煤炭"", ""保险"", ""地产"", ""公用事业"", ""小家电""]",
23,2026-08-27,20,"[""一般金属及矿石"", ""保险"", ""地产"", ""水泥""]",[],当前沪深300收盘价位于60日均线下方，近6日横盘整理，整体处于熊市格局，政策与产业利好更多是结构性机会。推荐逻辑基于新闻增量：1-7月工业企业利润同比增长17.6%，其中原材料制造业利润增长55.2%，有色行业利润大增91.8%，直接利好一般金属及矿石；多家上市险企因投资端收益改善实现利润高增长，且机构建议资金从港股回流A股，大金融板块中保险更具确定性；多地密集出台稳楼市政策为‘金九银十’蓄势，地产及产业链景气预期修复，水泥作为地产链上游且估值与涨幅相对温和，具备跟随反弹潜力。否决的行业多为缺乏新闻催化、流动性差或产业逻辑转弱的方向，如互联网金融监管风险、旅游消费旺季结束、小家电无政策支持等。,BEAR,,[],待定,,,2026-08-27 05:48:04,"[""一般金属及矿石"", ""保险"", ""其他医疗保健"", ""其他金融"", ""互联网金融"", ""旅游及消闲设施"", ""地产"", ""煤炭"", ""小家电"", ""水泥"", ""金属制品"", ""钢铁""]",
24,2026-08-27,21,"[""一般金属及矿石"", ""保险"", ""地产"", ""水泥""]",[],当前沪深300收盘价位于60日均线下方，近6日横盘整理，整体处于熊市格局，政策与产业利好更多是结构性机会。推荐逻辑基于新闻增量：1-7月工业企业利润同比增长17.6%，其中原材料制造业利润增长55.2%，有色行业利润大增91.8%，直接利好一般金属及矿石；多家上市险企因投资端收益改善实现利润高增长，且机构建议资金从港股回流A股，大金融板块中保险更具确定性；多地密集出台稳楼市政策为‘金九银十’蓄势，地产及产业链景气预期修复，水泥作为地产链上游且估值与涨幅相对温和，具备跟随反弹潜力。否决的行业多为缺乏新闻催化、流动性差或产业逻辑转弱的方向，如互联网金融监管风险、旅游消费旺季结束、小家电无政策支持等。,BEAR,,[],待定,,,2026-08-27 05:49:36,"[""一般金属及矿石"", ""保险"", ""其他医疗保健"", ""其他金融"", ""互联网金融"", ""旅游及消闲设施"", ""地产"", ""煤炭"", ""小家电"", ""水泥"", ""金属制品"", ""钢铁""]",
25,2026-08-28,22,"[""保险"", ""煤炭"", ""农业"", ""轨道交通设备"", ""互联网金融""]","[""稀有金属"", ""基本金属"", ""一般金属及矿石"", ""航空航天装备"", ""其他金融""]",大盘沪深300收盘价位于EMA60下方，技术面处于熊市，策略上以防御和政策驱动为主线。保险板块受益于龙头业绩爆发（中国人寿净利同比增长228.6%），盈利确定性高，适合弱市防御；煤炭低估值高股息，涨幅温和，具备避险属性；农业受今日种植业领涨及乡村振兴政策催化，短期资金关注度高；轨道交通设备获《物流网建设实施方案》直接政策利好，明确推动物流基础设施联网升级；互联网金融受益于云南等地并购重组政策及数据资产国家标准9月实施，资本市场活跃度提升预期。风险方面，金属类板块短期涨幅过快且资金流入持续性不足，航空航天装备受地缘事件驱动但缺乏基本面支撑，其他金融基金规模过小。综合判断，在熊市环境下优先选取业绩防御与政策催化兼备的赛道。,BEAR,,[],负,2026-09-12,退出时收益 -4.95%,2026-08-28 05:45:32,"[""互联网金融"", ""其他金融"", ""一般金属及矿石"", ""保险"", ""农业"", ""其他医疗保健"", ""稀有金属"", ""航空航天装备"", ""煤炭"", ""互联网技术"", ""轨道交通设备"", ""基本金属""]",{}
26,2026-08-28,23,"[""保险"", ""煤炭"", ""农业"", ""轨道交通设备"", ""互联网金融""]","[""稀有金属"", ""基本金属"", ""一般金属及矿石"", ""航空航天装备"", ""其他金融""]",大盘沪深300收盘价位于EMA60下方，技术面处于熊市，策略上以防御和政策驱动为主线。保险板块受益于龙头业绩爆发（中国人寿净利同比增长228.6%），盈利确定性高，适合弱市防御；煤炭低估值高股息，涨幅温和，具备避险属性；农业受今日种植业领涨及乡村振兴政策催化，短期资金关注度高；轨道交通设备获《物流网建设实施方案》直接政策利好，明确推动物流基础设施联网升级；互联网金融受益于云南等地并购重组政策及数据资产国家标准9月实施，资本市场活跃度提升预期。风险方面，金属类板块短期涨幅过快且资金流入持续性不足，航空航天装备受地缘事件驱动但缺乏基本面支撑，其他金融基金规模过小。综合判断，在熊市环境下优先选取业绩防御与政策催化兼备的赛道。,BEAR,,[],待定,,,2026-08-28 05:45:49,"[""互联网金融"", ""其他金融"", ""一般金属及矿石"", ""保险"", ""农业"", ""其他医疗保健"", ""稀有金属"", ""航空航天装备"", ""煤炭"", ""互联网技术"", ""轨道交通设备"", ""基本金属""]",
27,2026-08-31,24,"[""钢铁"", ""建筑施工"", ""航空航天装备"", ""煤炭"", ""互联网金融""]","[""农业"", ""休闲服务"", ""轨道交通设备""]",沪深300收盘价位于60日均线下方，大盘处于熊市，需防御与事件驱动兼顾。地缘冲突（美伊互袭、霍尔木兹海峡关闭）利好国防军工与能源安全，航空航天装备超跌反弹、煤炭受益能源价格上行；国内房地产重磅政策出台，钢铁与建筑施工作为地产链直接受益；互联网金融受益于人工智能金融科技和互联网景气，且中期超跌，短期动量启动。农业虽强但追高风险大，休闲服务与轨道交通设备缺乏明确催化，均予规避。,BEAR,,[],待定,,,2026-08-31 05:54:58,"[""互联网金融"", ""农业"", ""一般金属及矿石"", ""其他金融"", ""基础建设"", ""轨道交通设备"", ""煤炭"", ""休闲服务"", ""其他医疗保健"", ""钢铁"", ""航空航天装备"", ""建筑施工""]",
28,2026-08-31,25,"[""钢铁"", ""建筑施工"", ""航空航天装备"", ""煤炭"", ""互联网金融""]","[""农业"", ""休闲服务"", ""轨道交通设备""]",沪深300收盘价位于60日均线下方，大盘处于熊市，需防御与事件驱动兼顾。地缘冲突（美伊互袭、霍尔木兹海峡关闭）利好国防军工与能源安全，航空航天装备超跌反弹、煤炭受益能源价格上行；国内房地产重磅政策出台，钢铁与建筑施工作为地产链直接受益；互联网金融受益于人工智能金融科技和互联网景气，且中期超跌，短期动量启动。农业虽强但追高风险大，休闲服务与轨道交通设备缺乏明确催化，均予规避。,BEAR,,[],待定,,,2026-08-31 05:55:06,"[""互联网金融"", ""农业"", ""一般金属及矿石"", ""其他金融"", ""基础建设"", ""轨道交通设备"", ""煤炭"", ""休闲服务"", ""其他医疗保健"", ""钢铁"", ""航空航天装备"", ""建筑施工""]",
29,2026-09-01,26,"[""计算机软件"", ""互联网服务"", ""农业"", ""休闲服务"", ""互联网金融""]","[""航空航天装备"", ""电子设备制造"", ""通用设备"", ""合成纤维及树脂"", ""钢铁""]",大盘处于熊市（收盘价低于EMA60），应以防御和结构性机会为主。新闻显示AI与数字经济政策密集（高盛AI资本开支、AI应用服务商培育、中国-东盟数字经济合作），利好计算机软件和互联网服务；非银金融获主力资金最大净流入，且杭州支持券商并购重组，互联网金融受益；种植业/农林牧渔领涨且农业板块60日为正，具备防御属性；七部门推动商品消费扩容升级叠加中秋消费月，休闲服务有催化。故推荐上述5个赛道。风险方面，互联网技术短期涨幅过大被否决，机器人中期趋势过弱被否决；其余追高降权的周期/制造板块缺乏新增利好，列为回避。,BEAR,,[],负,2026-09-01,退出时收益 +0.00%,2026-09-01 05:42:51,"[""互联网金融"", ""计算机软件"", ""互联网技术"", ""机器人"", ""航空航天装备"", ""农业"", ""互联网服务"", ""休闲服务"", ""通用设备"", ""合成纤维及树脂"", ""电子设备制造"", ""钢铁""]",{}
30,2026-09-01,27,"[""计算机软件"", ""互联网服务"", ""农业"", ""休闲服务"", ""互联网金融""]","[""航空航天装备"", ""电子设备制造"", ""通用设备"", ""合成纤维及树脂"", ""钢铁""]",大盘处于熊市（收盘价低于EMA60），应以防御和结构性机会为主。新闻显示AI与数字经济政策密集（高盛AI资本开支、AI应用服务商培育、中国-东盟数字经济合作），利好计算机软件和互联网服务；非银金融获主力资金最大净流入，且杭州支持券商并购重组，互联网金融受益；种植业/农林牧渔领涨且农业板块60日为正，具备防御属性；七部门推动商品消费扩容升级叠加中秋消费月，休闲服务有催化。故推荐上述5个赛道。风险方面，互联网技术短期涨幅过大被否决，机器人中期趋势过弱被否决；其余追高降权的周期/制造板块缺乏新增利好，列为回避。,BEAR,,[],负,2026-09-01,退出时收益 +0.00%,2026-09-01 05:43:10,"[""互联网金融"", ""计算机软件"", ""互联网技术"", ""机器人"", ""航空航天装备"", ""农业"", ""互联网服务"", ""休闲服务"", ""通用设备"", ""合成纤维及树脂"", ""电子设备制造"", ""钢铁""]",{}
31,2026-09-02,28,"[""航空航天装备"", ""计算机软件"", ""消费电子设备"", ""电子设备制造""]","[""互联网金融"", ""钢铁"", ""化学原料"", ""金属非金属新材料"", ""互联网技术""]",大盘收盘位于EMA60下方，量化判定为熊市，选股优先有独立催化与资金验证的方向。新闻显示美军空袭伊朗、地缘冲突升级，国防军工相关板块获主力资金大额净流入，航空航天装备具备短期事件驱动逻辑；瑞银明确看好科技成长，A股盈利由科技板块带动，计算机软件作为科技核心赛道具备修复弹性；消费电子设备、电子设备制造受益于消费刺激政策与主力资金流入消费电子，且基金覆盖广、趋势相对稳健。回避方向：互联网金融受债市危机和资金面收紧影响较大；钢铁、化学原料属周期且追高降权，缺乏政策支撑；金属非金属新材料、互联网技术60日趋势偏弱。,BEAR,,[],待定,,,2026-09-02 05:46:41,"[""互联网金融"", ""计算机软件"", ""航空航天装备"", ""钢铁"", ""互联网技术"", ""化学原料"", ""消费电子设备"", ""计算机硬件"", ""光电子器件"", ""金属非金属新材料"", ""电子设备制造"", ""互联网服务""]",
32,2026-09-03,29,"[""石油天然气"", ""通用设备"", ""金属非金属新材料"", ""计算机软件""]","[""光电子器件"", ""造纸印刷"", ""水泥""]",大盘沪深300跌破EMA60且连续走弱，判定为熊市。石油天然气受美伊冲突升级、油价上涨及'六张网'能源网建设多重催化，短期避险与涨价逻辑最强；通用设备受益于发改委'六张网'重大项目、上海老旧小区加装电梯及城市更新需求，且主力资金净流入明显，叠加60日深跌具备修复空间；金属非金属新材料与上海'上海价格'提升铜等大宗商品定价权相关，有色链条资金流入且超跌明显，存在反弹动能；计算机软件受益于央行适度宽松货币政策及增值电信开放预期，数字化基建持续推进，基金数量多流动性充足。回避方向：光电子器件无直接政策事件支撑，美国芯片关税威胁压制估值；造纸印刷缺乏产业催化剂，水泥城市更新预期兑现周期较长，短期均不占优。,BEAR,,[],待定,,,2026-09-03 05:48:44,"[""光电子器件"", ""航空航天装备"", ""计算机软件"", ""互联网金融"", ""互联网技术"", ""农业"", ""造纸印刷"", ""通用设备"", ""钢铁"", ""水泥"", ""金属非金属新材料"", ""石油天然气""]",
33,2026-09-03,30,"[""石油天然气"", ""通用设备"", ""金属非金属新材料"", ""计算机软件""]","[""光电子器件"", ""造纸印刷"", ""水泥""]",大盘沪深300跌破EMA60且连续走弱，判定为熊市。石油天然气受美伊冲突升级、油价上涨及'六张网'能源网建设多重催化，短期避险与涨价逻辑最强；通用设备受益于发改委'六张网'重大项目、上海老旧小区加装电梯及城市更新需求，且主力资金净流入明显，叠加60日深跌具备修复空间；金属非金属新材料与上海'上海价格'提升铜等大宗商品定价权相关，有色链条资金流入且超跌明显，存在反弹动能；计算机软件受益于央行适度宽松货币政策及增值电信开放预期，数字化基建持续推进，基金数量多流动性充足。回避方向：光电子器件无直接政策事件支撑，美国芯片关税威胁压制估值；造纸印刷缺乏产业催化剂，水泥城市更新预期兑现周期较长，短期均不占优。,BEAR,,[],待定,,,2026-09-03 05:49:16,"[""光电子器件"", ""航空航天装备"", ""计算机软件"", ""互联网金融"", ""互联网技术"", ""农业"", ""造纸印刷"", ""通用设备"", ""钢铁"", ""水泥"", ""金属非金属新材料"", ""石油天然气""]",
34,2026-09-04,31,"[""建筑施工"", ""公用事业"", ""石油天然气"", ""服装家纺""]","[""光电子器件"", ""小家电"", ""纺织""]",大盘技术面显示沪深300收盘价位于EMA60下方，且近6日震荡下行，判定为熊市，策略上应防守优先。新闻面：发改委加码推进“十五五”重大工程建设、8000亿元新型政策性金融工具投放、云南城市更新规划等政策信号，直接利好建筑施工，且该赛道60日净值接近持平、有政策托底；能源保供与“六张网”建设强化公用事业和石油天然气的防御属性，两者资金容量较大且波动温和；服装家纺受益于入境消费增长及促消费政策，叠加60日累计+3.5%的温和趋势，在熊市中具备相对韧性。资金流向显示传媒、农林牧渔等强势板块不在候选池内，因此仅从池中优选上述方向。同时否决光电子器件、小家电、纺织，以规避电子链下行、追高降权及外需风险。,BEAR,,[],待定,,,2026-09-04 05:42:28,"[""航空航天装备"", ""光电子器件"", ""纺织"", ""建筑施工"", ""小家电"", ""公用事业"", ""石油天然气"", ""服装家纺"", ""休闲服务""]",
