date,regime,investable,reasons,top_abs_pct,top_fund_abs_pct,stop_fund_abs_pct,top_alpha_pct,ic,baseline_abs_pct,mom20_pct,pctile,n_funds
2021-01-04,BULL,False,250日涨幅分位98%>90.0%,-16.716,"-18.93,-12.56,-14.82,-22.16,-15.11","-20.40,-19.66,-10.73,-9.52,0.48",-13.153,-0.5975,-2.936,3.98,97.6,598
2021-02-01,BULL,False,250日涨幅分位95%>90.0%,2.061,"0.67,2.49,0.13,3.00,4.02","4.61,-18.41,-18.55,0.52,-0.67",7.18,0.4163,-3.967,2.85,94.8,597
2021-03-08,NEUTRAL,False,指数20日动量-6.2%<-3.0%,4.991,"1.48,1.42,4.37,17.16,0.53","7.14,7.10,-3.74,8.57,5.60",6.644,-0.1995,2.297,-6.23,80.9,528
2021-04-06,NEUTRAL,False,250日涨幅分位97%>90.0%,9.695,"14.36,14.04,11.04,-1.85,10.88","-10.85,-2.19,4.90,2.63,-26.38",6.934,0.2235,1.957,1.19,97.5,598
2021-05-07,NEUTRAL,True,,2.422,"7.62,-2.00,3.88,1.00,1.60","2.25,-0.67,-4.78,6.91,9.29",0.626,-0.3685,7.101,-2.81,88.8,599
2021-06-04,BULL,False,250日涨幅分位95%>90.0%,17.842,"20.63,-12.83,33.23,23.41,24.78","-6.65,2.29,-22.00,2.96,-20.52",24.44,0.3691,13.438,5.73,95.2,598
2021-07-05,NEUTRAL,False,指数20日动量-3.7%<-3.0%,30.354,"34.03,28.78,41.55,19.36,28.06","-18.22,-14.11,-10.10,-22.49,-2.77",35.713,0.5446,4.624,-3.72,66.8,600
2021-08-02,BEAR,True,,-11.784,"-10.33,-18.62,-3.48,-15.68,-10.81","-17.27,-24.79,-3.75,-12.54,-16.91",-9.761,-0.3037,-5.239,-2.99,38.0,599
2021-08-30,BEAR,True,,-9.774,"-7.36,-5.86,-14.96,-16.88,-3.81","-22.12,-7.23,-17.04,9.29,-3.91",-9.937,-0.4538,-0.679,-2.44,33.9,596
2021-09-29,BEAR,True,,1.618,"-0.22,-0.13,5.71,2.87,-0.15","-2.36,0.93,-5.53,-1.01,1.23",1.413,-0.1492,6.732,0.43,35.9,582
2021-11-03,BEAR,True,,3.642,"2.53,2.16,3.58,4.23,5.71","-7.12,-25.44,-10.80,-1.16,-3.65",2.349,0.2028,0.882,-0.27,27.9,599
2021-12-01,BEAR,True,,-10.308,"3.45,-13.32,-15.72,-10.17,-15.78","4.79,-14.88,-11.26,-18.36,-11.28",-5.684,0.1234,-7.248,0.47,21.2,598
2021-12-29,BEAR,True,,-7.356,"-11.86,-15.61,2.51,2.63,-14.44","-7.78,2.27,2.24,2.29,4.40",-0.56,0.2528,-3.589,0.82,18.0,600
2022-01-27,BEAR,False,指数20日动量-5.4%<-3.0%,0.128,"0.08,0.16,0.07,0.18,0.15","0.09,0.06,0.13,0.08,0.07",8.727,0.4763,-8.921,-5.4,4.5,574
2022-03-03,BEAR,True,,1.477,"18.60,-1.81,-7.77,-1.09,-0.54","1.98,6.12,2.29,5.05,7.66",13.372,0.4868,-14.667,-1.48,2.4,598
2022-03-31,BEAR,False,指数20日动量-7.2%<-3.0%,-4.177,"0.26,-16.45,0.97,-7.19,1.52","0.04,10.56,2.98,5.16,3.33",-1.027,-0.1224,-0.154,-7.23,3.3,597
2022-05-05,BEAR,False,指数20日动量-5.0%<-3.0%,36.711,"42.37,41.33,15.90,42.05,41.91","-17.78,-16.84,-4.55,0.78,5.70",25.327,0.4282,10.264,-5.03,0.8,593
2022-06-02,BEAR,True,,-1.755,"-11.54,0.69,0.78,0.77,0.52","2.25,-0.20,-0.25,0.11,0.07",-3.725,0.1647,4.487,1.98,4.1,599
2022-07-01,NEUTRAL,True,,-8.291,"-6.95,-7.41,-7.47,-9.05,-10.56","0.78,6.09,6.06,7.21,-17.78",-0.25,-0.1217,-5.401,9.22,13.9,596
2022-07-29,BEAR,False,指数20日动量-6.6%<-3.0%,-7.407,"-11.37,-10.91,-4.30,-7.30,-3.15","4.96,-11.83,-18.22,5.87,-7.89",0.588,0.2223,-5.88,-6.64,7.7,600
2022-08-26,BEAR,True,,-4.63,"-16.80,-7.50,0.18,0.51,0.46","4.58,3.74,0.06,0.09,0.10",9.949,0.2573,-7.114,-1.5,11.7,599
2022-09-26,BEAR,False,指数20日动量-6.6%<-3.0%,-0.026,"0.05,0.07,0.32,-0.53,-0.04","-0.02,0.10,0.04,0.12,0.11",2.67,-0.2705,-6.459,-6.59,0.9,598
2022-10-31,BEAR,False,指数20日动量-8.5%<-3.0%,-2.809,"-11.95,-0.76,-0.69,-0.21,-0.43","-24.72,0.10,0.13,-18.19,0.19",-12.351,-0.3227,0.754,-8.55,0.0,574
2022-11-28,BEAR,True,,2.09,"3.28,3.73,-0.02,4.37,-0.90","2.85,2.99,1.13,-12.22,1.05",-9.257,-0.001,7.316,6.4,2.3,600
2022-12-26,BEAR,True,,3.466,"2.09,6.51,6.42,1.25,1.06","-0.22,-19.96,-19.98,2.96,2.98",-2.413,0.0679,4.769,2.95,3.6,600
2023-01-31,BULL,True,,10.025,"16.04,25.16,-8.35,0.96,16.31","-3.02,-1.41,-4.00,2.55,-20.12",13.811,-0.048,-4.92,8.15,31.9,597
2023-02-28,NEUTRAL,True,,3.813,"16.57,0.59,0.60,0.66,0.65","-6.50,0.10,0.13,0.11,0.16",6.522,0.1512,-2.586,-2.1,34.0,599
2023-03-28,BEAR,True,,3.785,"-9.09,13.73,-6.46,19.35,1.39","11.61,-17.96,-1.79,3.04,7.11",7.925,0.2971,-2.886,-1.72,39.5,600
2023-04-26,BEAR,True,,-1.692,"-1.83,-1.48,2.02,-3.28,-3.90","3.04,1.15,-15.01,5.97,-20.40",1.299,0.251,-1.678,-1.01,40.5,599
2023-05-29,BEAR,False,指数20日动量-3.2%<-3.0%,2.288,"5.75,-4.54,8.23,1.08,0.92","-17.47,-25.77,-17.25,0.25,-3.01",0.382,-0.3335,-1.502,-3.16,40.5,598
2023-06-28,BEAR,True,,-0.587,"-6.36,0.73,0.74,1.43,0.52","4.93,0.13,0.10,0.25,0.03",3.166,0.4341,-6.671,0.18,36.7,597
2023-07-26,NEUTRAL,True,,-0.744,"5.36,-4.83,-3.56,-0.61,-0.07","1.98,-12.22,-8.60,0.06,1.24",4.409,0.7007,-4.115,1.72,40.8,600
2023-08-23,BEAR,False,指数20日动量-5.4%<-3.0%,-0.44,"-0.31,-0.23,-0.69,-0.54,-0.43","0.17,0.41,0.26,0.25,0.17",4.497,0.1831,-3.463,-5.38,36.8,596
2023-09-20,BEAR,True,,-1.413,"-4.74,-3.98,0.50,0.75,0.41","7.56,-5.26,6.72,0.25,0.14",2.478,-0.2534,-1.188,0.24,41.2,598
2023-10-26,BEAR,False,指数20日动量-5.2%<-3.0%,0.582,"0.68,0.29,0.06,1.39,0.48","0.20,0.07,-0.04,0.30,0.15",5.797,-0.0596,-2.078,-5.17,42.7,599
2023-11-23,BEAR,True,,-11.742,"-8.85,-7.81,-6.03,-15.65,-20.37","-1.38,-2.73,-0.25,-0.59,-2.65",-3.55,-0.0988,-5.997,1.35,48.0,598
2023-12-21,BEAR,False,指数20日动量-6.5%<-3.0%,1.238,"1.84,1.11,0.87,1.12,1.25","0.26,0.51,0.18,0.10,0.09",-2.439,-0.1995,-2.624,-6.48,26.4,600
2024-01-19,BEAR,True,,1.165,"1.65,1.12,1.01,1.10,0.94","0.12,0.16,0.12,0.16,0.08",-6.664,-0.0695,4.463,-1.83,17.9,599
2024-02-26,NEUTRAL,True,,0.114,"-2.97,-1.59,3.73,4.10,-2.70","-14.19,-3.67,-2.04,-10.07,4.21",-1.863,-0.0893,2.889,5.61,26.1,599
2024-03-25,NEUTRAL,True,,4.535,"6.54,7.25,6.49,1.34,1.07","2.91,2.89,2.92,0.46,0.18",1.416,0.3114,1.36,2.1,46.0,599
2024-04-24,NEUTRAL,True,,2.887,"3.25,6.57,6.21,0.32,-1.91","6.10,-4.50,5.90,1.92,-1.35",4.696,0.1204,-4.498,-0.12,37.5,597
2024-05-27,NEUTRAL,True,,1.42,"2.62,1.76,6.09,-3.92,0.55","12.96,4.46,3.15,-2.92,0.18",6.806,0.1499,-1.642,3.24,55.7,599
2024-06-25,BEAR,False,指数20日动量-4.9%<-3.0%,0.349,"-1.35,-2.01,1.25,1.26,2.58","-0.04,4.11,0.26,0.25,-23.45",3.97,0.3939,-2.701,-4.89,52.9,600
2024-07-23,BEAR,True,,-2.487,"-0.73,-6.70,-6.66,0.73,0.94","1.93,5.81,5.70,0.12,-6.31",4.602,0.3167,-2.382,-0.52,53.3,599
2024-08-20,BEAR,False,指数20日动量-3.1%<-3.0%,4.268,"7.17,7.09,7.19,-1.08,0.97","5.73,5.34,5.32,2.07,1.55",-13.619,-0.4137,16.091,-3.12,29.6,600
2024-09-19,BEAR,False,指数20日动量-4.1%<-3.0%,6.758,"7.81,10.49,5.01,5.27,5.21","-1.54,-0.21,2.98,3.01,2.97",-18.062,-0.4479,20.497,-4.1,29.2,599
2024-10-24,BULL,False,250日涨幅分位98%>90.0%,-0.706,"1.20,6.08,-1.15,-5.05,-4.61","-25.52,-24.76,-17.48,-6.69,-16.18",-1.13,0.1791,1.572,22.93,97.7,600
2024-11-21,BULL,False,250日涨幅分位98%>90.0%,-1.728,"3.14,5.32,-1.68,-1.52,-13.90","2.98,-16.76,5.78,20.14,-1.52",2.708,0.164,-3.018,1.54,98.3,599
2024-12-19,BULL,False,250日涨幅分位100%>90.0%,13.071,"8.45,15.89,16.88,15.55,8.59","-18.52,-22.30,-21.95,-22.43,-19.46",12.457,-0.007,4.127,-1.1,99.7,599
2025-01-17,NEUTRAL,False,指数20日动量-3.4%<-3.0%|250日涨幅分位97%>90.0%,12.705,"16.17,3.28,11.48,8.06,24.53","-6.75,-25.52,-6.07,-16.94,-15.58",9.492,0.2036,6.277,-3.37,97.3,600
2025-02-24,BULL,False,250日涨幅分位100%>90.0%,-9.07,"-15.80,20.98,-22.32,-9.99,-18.22","-20.58,2.14,-16.74,-14.61,-7.93",-4.391,-0.4387,-1.342,4.13,99.9,600
2025-03-24,BULL,True,,0.047,"4.28,-5.80,-8.40,10.71,-0.56","20.27,15.46,1.46,19.80,-0.23",1.384,0.3809,-3.553,-0.88,88.1,599
2025-04-22,NEUTRAL,False,指数20日动量-3.8%<-3.0%,0.328,"-5.28,-5.67,0.10,14.26,-1.78","2.98,2.69,20.14,5.42,-2.62",-1.626,0.1304,2.825,-3.83,85.9,597
2025-05-23,BULL,True,,25.997,"38.14,27.89,23.68,17.92,22.36","0.81,-1.61,12.02,-12.63,0.72",20.759,-0.2191,5.233,2.6,80.8,599
2025-06-23,NEUTRAL,True,,-0.564,"-1.65,-0.30,-0.44,-0.27,-0.16","5.70,4.44,0.10,0.09,0.25",-10.453,-0.4577,13.803,-0.63,86.8,599
2025-07-21,BULL,False,250日涨幅分位98%>90.0%,58.487,"56.45,57.29,62.12,64.94,51.63","-17.36,-15.03,-19.39,-23.18,-17.86",47.535,0.5304,22.524,5.9,97.7,598
2025-08-18,BULL,False,250日涨幅分位100%>90.0%,19.145,"10.38,23.66,8.22,23.70,29.76","-17.46,-17.48,-21.10,-13.94,-17.27",10.454,0.4592,6.702,3.76,99.9,600
2025-09-15,BULL,False,250日涨幅分位100%>90.0%,0.748,"-0.23,2.07,1.06,0.22,0.61","-21.07,-23.98,-21.71,-25.61,-26.73",-0.027,0.1294,0.334,6.93,99.7,600
2025-10-21,BULL,True,,7.81,"8.15,21.31,5.84,-4.42,8.16","-20.21,-20.68,-18.25,-20.14,-16.91",10.205,0.154,-1.122,1.65,86.4,599
2025-11-18,BULL,True,,6.094,"10.00,-0.08,0.64,18.67,1.24","-15.82,-9.68,-2.69,-2.59,2.10",2.083,-0.269,6.631,-0.86,75.5,600
2025-12-16,NEUTRAL,True,,14.757,"36.52,18.54,8.93,8.74,1.06","-14.86,-14.41,2.52,6.79,3.58",9.82,-0.0659,15.911,-1.55,81.3,599
2026-01-15,BULL,False,250日涨幅分位95%>90.0%,-18.755,"-20.41,-25.32,-13.77,-13.19,-21.09","-5.03,3.34,7.66,-1.85,6.38",-14.874,-0.2432,-4.689,5.64,95.1,598
2026-02-12,BULL,False,250日涨幅分位90%>90.0%,2.095,"1.88,-0.39,6.30,-4.46,7.15","-9.99,-18.35,-21.26,-22.25,-20.56",1.293,0.2809,-0.692,-0.67,90.3,598
2026-03-20,NEUTRAL,False,指数20日动量-3.2%<-3.0%,36.531,"53.29,36.55,38.37,36.90,17.54","-25.41,-24.18,-18.57,-24.05,-20.60",31.8,0.2853,8.475,-3.23,78.3,591
2026-04-20,BULL,False,250日涨幅分位96%>90.0%,34.424,"38.50,42.16,30.04,29.70,31.72","-23.30,-24.15,-22.35,-22.84,-24.06",30.553,0.6366,4.409,4.17,95.6,598
2026-05-21,BULL,False,250日涨幅分位91%>90.0%,12.914,"13.58,9.96,17.35,11.04,12.63","-25.13,-24.51,-24.93,-16.77,-15.64",18.224,0.1991,-5.985,0.54,90.8,597
2026-06-18,BULL,False,250日涨幅分位93%>90.0%,-24.07,"-23.88,-23.51,-23.65,-23.58,-25.73","-17.28,-13.77,-15.73,-25.61,-20.43",-18.49,-0.7009,-1.957,3.31,93.2,596
